-- phpMyAdmin SQL Dump
-- version 3.3.10deb1
-- http://www.phpmyadmin.net
--
-- Host: localhost
-- Generation Time: Nov 30, 2011 at 01:40 AM
-- Server version: 5.1.54
-- PHP Version: 5.3.5-1ubuntu7.3

SET SQL_MODE="NO_AUTO_VALUE_ON_ZERO";


/*!40101 SET @OLD_CHARACTER_SET_CLIENT=@@CHARACTER_SET_CLIENT */;
/*!40101 SET @OLD_CHARACTER_SET_RESULTS=@@CHARACTER_SET_RESULTS */;
/*!40101 SET @OLD_COLLATION_CONNECTION=@@COLLATION_CONNECTION */;
/*!40101 SET NAMES utf8 */;

--
-- Database: `tatt_db`
--

-- --------------------------------------------------------

--
-- Table structure for table `tatt_attributes`
--

DROP TABLE IF EXISTS `tatt_attributes`;
CREATE TABLE IF NOT EXISTS `tatt_attributes` (
  `attribute_id` int(11) NOT NULL AUTO_INCREMENT,
  `item_type_id` int(11) NOT NULL,
  `name` varchar(255) NOT NULL,
  PRIMARY KEY (`attribute_id`),
  KEY `item_type_id` (`item_type_id`)
) ENGINE=MyISAM  DEFAULT CHARSET=latin1 AUTO_INCREMENT=10 ;

--
-- Dumping data for table `tatt_attributes`
--

INSERT INTO `tatt_attributes` (`attribute_id`, `item_type_id`, `name`) VALUES
(1, 1, 'ISBN-13'),
(2, 1, 'Page Count'),
(3, 1, 'Author'),
(4, 1, 'Publisher'),
(5, 1, 'ISBN-10'),
(6, 3, 'Processor'),
(7, 3, 'Memory'),
(8, 3, 'Operating System'),
(9, 3, 'Storage Capacity');

-- --------------------------------------------------------

--
-- Table structure for table `tatt_attribute_values`
--

DROP TABLE IF EXISTS `tatt_attribute_values`;
CREATE TABLE IF NOT EXISTS `tatt_attribute_values` (
  `item_id` int(11) NOT NULL,
  `attribute_id` int(11) NOT NULL,
  `value` varchar(1024) DEFAULT NULL,
  PRIMARY KEY (`item_id`,`attribute_id`),
  FULLTEXT KEY `value` (`value`)
) ENGINE=MyISAM DEFAULT CHARSET=latin1;

--
-- Dumping data for table `tatt_attribute_values`
--

INSERT INTO `tatt_attribute_values` (`item_id`, `attribute_id`, `value`) VALUES
(1, 1, '9780966498011'),
(1, 5, '0966498011'),
(1, 3, 'M. Rafiquzzaman'),
(1, 2, '828'),
(1, 4, 'Diamond Bar, Calif. : Rafi Systems, Inc., c1999.'),
(2, 1, '9781576103487'),
(2, 5, '157610348X'),
(2, 3, 'Nathan Wallace, '),
(2, 4, 'Coriolis Group Books'),
(3, 1, '9780201752953'),
(3, 5, '0201752956'),
(3, 3, 'Robert W. Sebesta'),
(3, 2, '698'),
(3, 4, 'Boston : Addison Wesley, c2002.'),
(4, 1, '9780393973709'),
(4, 5, '0393973700'),
(4, 3, 'Hal R Varian'),
(4, 4, 'WW Norton, 1999.'),
(5, 1, '9780762741786'),
(5, 5, '0762741783'),
(5, 3, 'Jim Smith, '),
(5, 2, '256'),
(5, 4, 'Globe Pequot'),
(6, 1, '9780937175774'),
(6, 5, '0937175773'),
(6, 3, 'John Bloomer'),
(6, 2, '459'),
(6, 4, 'Sebastopol, CA : O\\''Reilly &amp; Associates, c1991.'),
(7, 1, '9781556159008'),
(7, 5, '1556159005'),
(7, 3, 'Steve McConnell'),
(7, 4, 'Microsoft Press'),
(8, 1, '9780060452711'),
(8, 5, '0060452714'),
(8, 3, 'Lawrence W. Potts'),
(8, 2, '710'),
(8, 4, 'New York : Harper &amp; Row, c1987.'),
(9, 1, '9780201702255'),
(9, 5, '0201702258'),
(9, 3, 'Alistair Cockburn'),
(9, 2, '270'),
(9, 4, 'Boston ; Addison-Wesley, c2001.'),
(10, 1, '9780764108402'),
(10, 5, '0764108409'),
(10, 3, 'by Alan Simon'),
(10, 2, '235'),
(10, 4, 'Hauppauge, N.Y. : Barron\\''s Educational Series, c1999.'),
(11, 1, '9780306305269'),
(11, 5, '0306305267'),
(11, 3, 'Edited by Euval S. Barrekette [and others]'),
(11, 2, '396'),
(11, 4, 'New York, Plenum Press, 1971.'),
(12, 1, '9780786861828'),
(12, 5, '0786861827'),
(12, 3, 'by Leonard Nimoy'),
(12, 2, '342'),
(12, 4, 'New York : Hyperion, c1995.'),
(13, 1, '9780066621173'),
(13, 5, '0066621178'),
(13, 3, 'John Heilemann'),
(13, 2, '246'),
(13, 4, 'New York : HarperCollins Publishers, c2001.'),
(14, 1, '9780072121469'),
(14, 5, '0072121467'),
(14, 3, 'Scott Urman'),
(14, 2, '777'),
(14, 4, 'Berkeley, Calif. : Osborne/McGraw-Hill, c2000.'),
(15, 1, '9780619035495'),
(15, 5, '0619035498'),
(15, 3, 'Joline Morrison, Mike Morrison'),
(15, 2, '1132'),
(15, 4, 'Boston : Course Technology, c2002.'),
(16, 1, '9781565920156'),
(16, 5, '1565920155'),
(16, 3, 'Valerie Quercia, Tim O\\''Reilly, '),
(16, 4, 'O\\''Reilly'),
(17, 1, '9780130204318'),
(17, 5, '0130204315'),
(17, 3, 'Art Baker, Jerry Lozano'),
(17, 2, '446'),
(17, 4, 'Upper Saddle River, NJ : Prentice Hall PTR, c2001.'),
(18, 1, '9780201746273'),
(18, 5, '0201746271'),
(18, 3, 'Roger Riggs, Antero Taivalsaari, Mark VandenBrink; Jim Holliday, editor; [foreword by James Gosling]'),
(18, 2, '345'),
(18, 4, 'Boston ; Addison-Wesley, c2001.'),
(19, 1, '9781565926578'),
(19, 5, '1565926579'),
(19, 3, 'Matt Neuburg, '),
(19, 2, '686'),
(19, 4, 'O\\''Reilly'),
(20, 1, '9780201700749'),
(20, 5, '0201700743'),
(20, 3, 'Lawrence H. Rodrigues'),
(20, 2, '857'),
(20, 4, 'Boston : Addison-Wesley, c2001.'),
(21, 1, '9780201709216'),
(21, 5, '020170921X'),
(21, 3, 'Jeff M. Genender'),
(21, 2, '444'),
(21, 4, 'Boston : Addison-Wesley, c2002.'),
(22, 1, '9780201924886'),
(22, 5, '0201924889'),
(22, 3, 'Scott Meyers'),
(22, 2, '256'),
(22, 4, 'Reading, Mass. : Addison-Wesley, c1998.'),
(23, 1, '9780201700435'),
(23, 5, '0201700433'),
(23, 3, 'Esmond Pitt and Kathleen McNiff'),
(23, 2, '284'),
(23, 4, 'Harlow ; Pearson Education, 2001.'),
(24, 1, '9780201711028'),
(24, 5, '0201711028'),
(24, 3, 'Kirk Chen, Li Gong'),
(24, 2, '456'),
(24, 4, 'Boston : Addison-Wesley, c2002.'),
(25, 1, '9780201563658'),
(25, 5, '0201563657'),
(25, 3, 'Tom Cargill'),
(25, 2, '233'),
(25, 4, 'Reading, Mass. : Addison-Wesley Pub. Co., c1992.'),
(26, 1, '9780201616170'),
(26, 5, '0201616173'),
(26, 3, 'Kyle Brown... [et al.]'),
(26, 2, '509'),
(26, 4, 'Boston, MA : Addison-Wesley, 2001.'),
(27, 1, '9781572316966'),
(27, 5, '1572316969'),
(27, 3, 'Bradley Bargen, Terence Peter Donnelly, '),
(27, 2, '545'),
(27, 4, 'Microsoft Pr'),
(28, 1, '9780201410136'),
(28, 5, '0201410133'),
(28, 3, 'MindShare, Inc., Tom Shanley'),
(28, 2, '327'),
(28, 4, 'Reading, Mass. : Addison-Wesley, c1995.'),
(29, 1, '9780393960099'),
(29, 5, '0393960099'),
(29, 3, 'by Doug Cooper'),
(29, 2, '753'),
(29, 4, 'New York : Norton, c1990.'),
(30, 1, '9781558604063'),
(30, 5, '1558604065'),
(30, 3, 'Thomas E. Willis, Allan D. Knies, '),
(30, 2, '150'),
(30, 4, 'Morgan Kaufmann Pub'),
(31, 1, '9780596001605'),
(31, 5, '0596001606'),
(31, 3, 'Apple Computer, Inc'),
(31, 2, '366'),
(31, 4, 'Beijing ; O\\''Reilly, 2001.'),
(32, 1, '9780201616415'),
(32, 5, '0201616416'),
(32, 3, 'Kent Beck'),
(32, 2, '190'),
(32, 4, 'Reading, Mass. ; Addison-Wesley, c2000.'),
(33, 1, '9780130424112'),
(33, 5, '0130424110'),
(33, 3, 'Kay A. Robbins, Steven Robbins'),
(33, 2, '893'),
(33, 4, 'Upper Saddle River, NJ : Prentice Hall PTR, c2003.'),
(34, 1, '9780672324284'),
(34, 5, '0672324288'),
(34, 3, 'Jeff Sengstack'),
(34, 2, '622'),
(34, 4, 'Indianapolis, Ind. : Sams, c2002.'),
(35, 1, '9780130927385'),
(35, 5, '0130927384'),
(35, 3, 'Cay S. Horstmann, Gary Cornell'),
(35, 4, 'Upper Saddle River, NJ : Sun Microsystems Press, c2000-c2002.'),
(36, 1, '9780672325427'),
(36, 5, '067232542X'),
(36, 3, 'Stephen Walther'),
(36, 2, '1459'),
(36, 4, 'Indianapolis, IN : Sams, c2003.'),
(37, 1, '9780312061319'),
(37, 5, '0312061315'),
(37, 3, 'Clifford A. Pickover'),
(37, 2, '419'),
(37, 4, 'New York : St. Martin\\''s Press, 1991.'),
(38, 1, '9780835917056'),
(38, 5, '0835917053'),
(38, 3, 'Joseph J. Carr'),
(38, 2, '387'),
(38, 4, 'Reston, Va. : Reston Pub. Co., c1984.'),
(39, 1, '9780070428072'),
(39, 5, '0070428077'),
(39, 3, 'Tom M. Mitchell'),
(39, 2, '414'),
(39, 4, 'New York : McGraw-Hill, c1997.'),
(40, 1, '9780131827004'),
(40, 5, '0131827006'),
(40, 3, 'Morris I. Bolsky, David G. Korn'),
(40, 2, '400'),
(40, 4, 'Upper Saddle River, N.J. : Prentice Hall PTR, c1995.'),
(41, 1, '9780078815522'),
(41, 5, '0078815525'),
(41, 3, 'Kenneth H. Rosen, Richard R. Rosinski, and James M. Farber'),
(41, 2, '1228'),
(41, 4, 'Berkeley : Osborne McGraw-Hill, c1990.'),
(42, 1, '9780201728972'),
(42, 5, '0201728974'),
(42, 3, 'Paul Monday, William Connor'),
(42, 2, '442'),
(42, 4, 'Boston : Addison-Wesley, c2001.'),
(43, 1, '9780596003562'),
(43, 5, '0596003560'),
(43, 3, 'Brian Jepson and Ernest E. Rothman'),
(43, 2, '198'),
(43, 4, 'Sebastopol, Calif. ; O\\''Reilly, 2002.'),
(44, 1, '9780596006624'),
(44, 5, '0596006624'),
(44, 3, 'Paul Graham'),
(44, 2, '258'),
(44, 4, 'Beijing : O\\''Reilly, c2004.'),
(45, 1, '9780764542800'),
(45, 5, '076454280X'),
(45, 3, 'Kevin D. Mitnick &amp; William L. Simon'),
(45, 4, 'Indianapolis : Wiley, 2003.'),
(46, 1, '9780440205623'),
(46, 5, '044020562X'),
(46, 3, 'RICHARD BACH'),
(46, 4, 'Dell'),
(47, 1, '9780471297130'),
(47, 5, '0471297135'),
(47, 3, 'Karen Southwick'),
(47, 2, '242'),
(47, 4, 'New York : John Wiley, 1999.'),
(48, 1, '9780201145014'),
(48, 5, '0201145014'),
(48, 3, 'Harvey M. Deitel'),
(48, 2, '673'),
(48, 4, 'Reading, Mass. : Addison-Wesley Pub. Co., c1984.'),
(49, 1, '9780966498035'),
(49, 5, '0966498038'),
(49, 3, 'M. Rafiquzzaman'),
(49, 2, '889'),
(49, 4, 'Diamond Bar, Calif. : Rafi Systems, c2000.'),
(50, 1, '9780262193788'),
(50, 5, '0262193787'),
(50, 3, 'edited by David G. Stork'),
(50, 2, '384'),
(50, 4, 'Cambridge, Mass. : MIT Press, c1997.'),
(51, 1, '9780195100211'),
(51, 5, '0195100212'),
(51, 3, 'Irwin B. Levitan, Leonard K. Kaczmarek'),
(51, 2, '543'),
(51, 4, 'New York : Oxford University Press, 1997.'),
(52, 1, '9780133989427'),
(52, 5, '0133989429'),
(52, 3, 'Eduardo Zayas-Bazán, Susan M. Bacon, José B. Fernández'),
(52, 4, 'Upper Saddle River, N.J. : Prentice Hall, c1997.'),
(53, 1, '9780517687819'),
(53, 5, '051768781X'),
(53, 3, ''),
(53, 2, '2078'),
(53, 4, 'New York : Portland House, 1989.'),
(54, 1, '9780520004504'),
(54, 5, '0520004507'),
(54, 3, 'translated by Stillman Drake. Foreword by Albert Einstein'),
(54, 2, '496'),
(54, 4, 'Berkeley : University of California Press, 1967.'),
(55, 1, '9780070527140'),
(55, 5, '0070527148'),
(55, 3, 'abridgement editor, Philip H. Rieger'),
(55, 2, '156'),
(55, 4, 'New York : McGraw-Hill, c2000.'),
(56, 1, '9780520089402'),
(56, 5, '0520089405'),
(56, 3, 'Merry White'),
(56, 2, '256'),
(56, 4, 'Berkeley : University of California Press, 1994.'),
(57, 1, '9780596522100'),
(57, 5, '059652210X'),
(57, 3, 'Mark Frauenfelder, '),
(57, 4, 'Make Books'),
(58, 1, '9780596518943'),
(58, 5, '0596518943'),
(58, 3, ''),
(58, 4, 'Oreilly &amp; Associates Inc 2008/08/01.'),
(59, 1, '9780395483176'),
(59, 5, '0395483174'),
(59, 3, 'by the editors of American heritage dictionary'),
(59, 2, '1135'),
(59, 4, 'Boston : Houghton Mifflin, c1988.'),
(60, 1, '9780844258171'),
(60, 5, '0844258172'),
(60, 3, 'Alan C. Purves, Joseph A. Quattrini, Christine I. Sullivan'),
(60, 2, '258'),
(60, 4, 'Lincolnwood, Ill. : NTC Publishing Group, 1995.'),
(61, 1, '9781572594913'),
(61, 5, '1572594918'),
(61, 3, 'Paul A. Tipler'),
(61, 4, 'New York : W.H. Freeman/Worth Publishers, c1999.'),
(62, 1, '9780717253012'),
(62, 5, '0717253015'),
(62, 3, 'Grolier, '),
(62, 4, 'Grolier, Inc.'),
(63, 1, '9780023471506'),
(63, 5, '0023471506'),
(63, 3, 'Douglas F. Greer'),
(63, 2, '606'),
(63, 4, 'New York : Macmillan ; c1993.'),
(64, 1, '9780814470428'),
(64, 5, '0814470424'),
(64, 3, 'Michael and Deborah Singer Dobson'),
(64, 2, '251'),
(64, 4, 'New York : AMACOM, c2000.'),
(65, 1, '9780130179166'),
(65, 5, '0130179167'),
(65, 3, '[edited by] Walter Adams, James W. Brock'),
(65, 2, '384'),
(65, 4, 'Upper Saddle River, N.J. : Prentice Hall, c2001.'),
(66, 1, '9781581313055'),
(66, 5, '1581313055'),
(66, 3, 'Mark Asher, '),
(66, 2, '192'),
(66, 4, 'Vault, Inc.'),
(67, 1, '9780517687819'),
(67, 5, '051768781X'),
(67, 3, ''),
(67, 2, '2078'),
(67, 4, 'New York : Portland House, 1989.'),
(68, 1, '9780521597401'),
(68, 5, '0521597404'),
(68, 3, 'Linda S. Sparke, John S. Gallagher'),
(68, 2, '379'),
(68, 4, 'Cambridge : Cambridge University Press, 2000.'),
(69, 1, '9780153748004'),
(69, 5, '0153748001'),
(69, 3, 'T. Engle, Louis Snellgrove'),
(69, 4, 'Holt Rinehart and Winston'),
(70, 1, '9780618522682'),
(70, 5, '0618522689'),
(70, 3, 'John P. McKay, Bennett D. Hill, John Buckler, '),
(70, 2, '608'),
(70, 4, 'Houghton Mifflin Company'),
(71, 1, '9780201157673'),
(71, 5, '0201157675'),
(71, 3, 'David E. Goldberg'),
(71, 4, 'Reading,Mass. ; Addison-Wesley, c1989.'),
(72, 1, '9780139491573'),
(72, 5, '0139491570'),
(72, 3, 'Charles F. Van Loan'),
(72, 2, '367'),
(72, 4, 'Upper Saddle River, NJ : Prentice Hall, c2000.'),
(73, 1, '9780312612467'),
(73, 5, '031261246X'),
(73, 3, 'Mark Russinovich, Howard Schmidt (Foreword)'),
(73, 2, '320'),
(73, 4, 'Thomas Dunne Books'),
(74, 1, '9780199276349'),
(74, 5, '019927634X'),
(74, 3, 'edited by Ruslan Mitkov'),
(74, 2, '786'),
(74, 4, 'Oxford [etc.] Oxford University Press 2004'),
(75, 1, '9780735616486'),
(75, 5, '0735616485'),
(75, 3, 'Tom Archer, Andrew Whitechapel'),
(75, 2, '873'),
(75, 4, 'Redmond, Wash. : Microsoft Press : c2002.'),
(76, 1, '9780735616486'),
(76, 5, '0735616485'),
(76, 3, 'Tom Archer, Andrew Whitechapel'),
(76, 2, '873'),
(76, 4, 'Redmond, Wash. : Microsoft Press : c2002.'),
(77, 1, '9780735614482'),
(77, 5, '0735614482'),
(77, 3, 'Microsoft Corporation'),
(77, 2, '411'),
(77, 4, 'Redmond, Wash. : Microsoft Press, 2001.'),
(78, 1, '9780465051366'),
(78, 5, '0465051367'),
(78, 3, 'Donald A. Norman'),
(78, 2, '257'),
(78, 4, 'New York : BasicBooks, 2005.'),
(79, 1, '9780465067107'),
(79, 5, '0465067107'),
(79, 3, 'Donald A. Norman'),
(79, 2, '257'),
(79, 4, 'New York : Basic Books, 2002, c1988.'),
(80, 1, '9780226899152'),
(80, 5, '0226899152'),
(80, 3, 'Joseph M. Williams with two chapters coauthored by Gregory G. Colomb'),
(80, 2, '208'),
(80, 4, 'Chicago : University of Chicago Press, 1995.'),
(81, 1, '9780444820259'),
(81, 5, '0444820256'),
(81, 3, 'edited by G. Materlik, C. J. Sparks, K. Fischer'),
(81, 2, '675'),
(81, 4, 'Amsterdam ; North-Holland, 1994.'),
(82, 1, '9780716776017'),
(82, 5, '0716776014'),
(82, 3, 'Harvey Lodish... [et al.]'),
(82, 4, 'New York : W.H. Freeman, c2008.'),
(83, 1, '9780262193788'),
(83, 5, '0262193787'),
(83, 3, 'edited by David G. Stork'),
(83, 2, '384'),
(83, 4, 'Cambridge, Mass. : MIT Press, c1997.'),
(84, 1, '9780394745022'),
(84, 5, '0394745027'),
(84, 3, 'Douglas R. Hofstadter'),
(84, 2, '777'),
(84, 4, 'New York : Vintage Books, 1980, c1979.'),
(85, 1, '9780965085953'),
(85, 5, '0965085953'),
(85, 3, ''),
(85, 4, 'Little, Brown &amp; Company'),
(86, 1, '9780201084542'),
(86, 5, '0201084546'),
(86, 3, 'Patrick Henry Winston'),
(86, 2, '444'),
(86, 4, 'Reading, Mass. : Addison-Wesley Pub. Co., c1977.'),
(87, 1, '9783540605058'),
(87, 5, '3540605053'),
(87, 3, 'Raúl Rojas; foreword by Jerome Feldman'),
(87, 2, '502'),
(87, 4, 'Berlin ; Springer-Verlag, c1996.'),
(88, 1, '9780861713219'),
(88, 5, '0861713214'),
(88, 3, ''),
(88, 4, 'New York : Wisdom Publications, 2005.'),
(89, 1, '9780818691027'),
(89, 5, '0818691026'),
(89, 3, '[edited by] Rangachar Kasturi and Ramesh C. Jain'),
(89, 4, 'Los Alamitos, Calif. : IEEE Computer Society Press, 1991.'),
(90, 1, '9781565921948'),
(90, 5, '1565921941'),
(90, 3, 'Jon Meyer and Troy Downing'),
(90, 2, '426'),
(90, 4, 'Beijing ; O\\''Reilly, 1997.'),
(91, 1, '9780735645523'),
(91, 5, '0735645523'),
(91, 3, 'Steve Suehring, '),
(91, 4, 'Microsoft Press'),
(92, 1, '9780789725721'),
(92, 5, '078972572X'),
(92, 3, 'Brian Siler and Jeff Spotts'),
(92, 2, '830'),
(92, 4, 'Indianapolis, Ind. : Que, c2002.'),
(93, 1, '9780735619579'),
(93, 5, '0735619573'),
(93, 3, 'Charles Petzold'),
(93, 2, '1002'),
(93, 4, 'Redmond, Wash. : Microsoft Press, 2006.'),
(94, 1, '9780735617797'),
(94, 5, '0735617791'),
(94, 3, 'Allen Jones, Adam Freeman'),
(94, 4, 'Redmond, Wa. : Microsoft Press, 2002.'),
(95, 1, '9780735617797'),
(95, 5, '0735617791'),
(95, 3, 'Allen Jones, Adam Freeman'),
(95, 4, 'Redmond, Wa. : Microsoft Press, 2002.'),
(96, 1, '9780735614482'),
(96, 5, '0735614482'),
(96, 3, 'Microsoft Corporation'),
(96, 2, '411'),
(96, 4, 'Redmond, Wash. : Microsoft Press, 2001.'),
(97, 1, '9780735614482'),
(97, 5, '0735614482'),
(97, 3, 'Microsoft Corporation'),
(97, 2, '411'),
(97, 4, 'Redmond, Wash. : Microsoft Press, 2001.'),
(98, 1, '9780735613775'),
(98, 5, '073561377X'),
(98, 3, 'David S. Platt'),
(98, 2, '216'),
(98, 4, 'Redmond, Wash. : Microsoft Press, c2001.'),
(99, 1, '9781893115620'),
(99, 5, '1893115623'),
(99, 3, 'Eric Gunnerson, '),
(99, 2, '540'),
(99, 4, 'Apress'),
(100, 1, '9780131629592'),
(100, 5, '013162959X'),
(100, 3, 'Andrew S. Tanenbaum'),
(100, 2, '658'),
(100, 4, 'Englewood Cliffs, N.J. : Prentice Hall, c1989.'),
(101, 1, '9780201700732'),
(101, 5, '0201700735'),
(101, 3, 'Bjarne Stroustrup'),
(101, 2, '1019'),
(101, 4, 'Reading, Mass. : Addison-Wesley, c2000.'),
(102, 1, '9781430232971'),
(102, 5, '1430232978'),
(102, 3, 'Mark Murphy, '),
(102, 2, '450'),
(102, 4, 'Apress'),
(103, 1, '9781430230427'),
(103, 5, '1430230428'),
(103, 3, 'Mario Zechner, '),
(103, 4, 'Apress'),
(104, 1, '9780596000394'),
(104, 5, '0596000391'),
(104, 3, 'David Flanagan'),
(104, 2, '566'),
(104, 4, 'Cambridge, Mass. : O\\''Reilly, c2000.'),
(105, 1, '9780981531601'),
(105, 5, '0981531601'),
(105, 3, 'Martin Odersky, Lex Spoon, Bill Venners, '),
(105, 4, 'Artima Inc'),
(106, 1, '9780596102098'),
(106, 5, '0596102097'),
(106, 3, 'Jesse Liberty and Brian MacDonald'),
(106, 2, '528'),
(106, 4, 'Beijing ; O\\''Reilly, c2006.'),
(107, 1, '9780596001810'),
(107, 5, '0596001819'),
(107, 3, 'Peter Drayton, Ben Albahari &amp; Ted Neward'),
(107, 2, '832'),
(107, 4, 'Beijing ; O\\''Reilly, 2002.'),
(108, 1, '9780596000790'),
(108, 5, '0596000790'),
(108, 3, 'Ben Albahari, Peter Drayton, and Brad Merrill'),
(108, 2, '199'),
(108, 4, 'Sebastopol, CA : O\\''Reilly, 2001.'),
(109, 1, '9780735613775'),
(109, 5, '073561377X'),
(109, 3, 'David S. Platt'),
(109, 2, '216'),
(109, 4, 'Redmond, Wash. : Microsoft Press, c2001.'),
(110, 1, '9780596006990'),
(110, 5, '0596006993'),
(110, 3, 'Jesse Liberty'),
(110, 2, '644'),
(110, 4, 'Beijing O\\''Reilly, c2005.'),
(111, 1, '9781861004390'),
(111, 5, '1861004397'),
(111, 3, 'Andrew Krowczyk, Zach Greenvoss, Christian Nagel, Ashish Banerjee, Thiru Thangarathinam, Aravind Corera, Chris Peiris, Brad Maiani'),
(111, 4, 'Wrox Press'),
(112, 1, '9780262014861'),
(112, 5, '0262014866'),
(112, 3, 'Donald A. Norman, '),
(112, 2, '280'),
(112, 4, 'The MIT Press'),
(113, 1, '9781861004888'),
(113, 5, '1861004885'),
(113, 3, 'Dave Sussman, Alex Homer, Rob Howard, Karli Watson, Brian Francis, Richard Anderson, '),
(113, 2, '1400'),
(113, 4, 'Apress'),
(114, 1, '9780618122103'),
(114, 5, '0618122109'),
(114, 3, 'Marie T. Banich'),
(114, 2, '636'),
(114, 4, 'Boston : Houghton Mifflin, 2004.'),
(115, 1, '9780596101138'),
(115, 5, '0596101139'),
(115, 3, 'Chris Sells and Ian Griffiths'),
(115, 2, '430'),
(115, 4, 'Sebastopol, CA : O\\''Reilly, 2005.'),
(116, 1, '9780321303301'),
(116, 5, '032130330X'),
(116, 3, 'Jan Kabili &amp; Colin Smith'),
(116, 2, '195'),
(116, 4, 'Berkeley, CA : Peachpit, c2005.'),
(117, 1, '9780471476023'),
(117, 5, '0471476021'),
(117, 3, 'Douglas E. Ensley, J. Winston Crawley'),
(117, 2, '691'),
(117, 4, 'Hoboken, NJ : Wiley, c2006.'),
(118, 1, '9781590595008'),
(118, 5, '1590595009'),
(118, 3, 'selected and introduced by Joel Spolsky'),
(118, 2, '305'),
(118, 4, 'Berkeley, CA : Apress, c2005.'),
(119, 1, '9780131473829'),
(119, 5, '0131473824'),
(119, 3, 'Peter J. Olver, Chehrzad Shakiban'),
(119, 2, '714'),
(119, 4, 'Upper Saddle River, NJ : Prentice Hall, c2006.'),
(120, 1, '9780131103627'),
(120, 5, '0131103628'),
(120, 3, 'Brian W. Kernighan, Dennis M. Ritchie'),
(120, 2, '272'),
(120, 4, 'Englewood Cliffs, N.J. : Prentice Hall, c1988.'),
(121, 1, '9781588741554'),
(121, 5, '1588741559'),
(121, 3, 'Marsha Woodbury, '),
(121, 2, '360'),
(121, 4, 'Stipes Pub Llc'),
(122, 1, '9781556154843'),
(122, 5, '1556154844'),
(122, 3, 'Steve McConnell'),
(122, 2, '857'),
(122, 4, 'Redmond, Wash. : Microsoft Press, c1993.'),
(123, 1, '9780201182606'),
(123, 5, '0201182602'),
(123, 3, 'Zohar Manna, Richard Waldinger'),
(123, 4, 'Reading, Mass. : Addison-Wesley, c1985-'),
(124, 1, '9780201746228'),
(124, 5, '0201746220'),
(124, 3, 'Rick Cattell, Jim Inscore'),
(124, 2, '309'),
(124, 4, 'Boston ; Addison-Wesley, c2001.'),
(125, 1, '9780201633375'),
(125, 5, '020163337X'),
(125, 3, 'John K. Ousterhout'),
(125, 2, '458'),
(125, 4, 'Reading, Mass. : Addison-Wesley, c1994.'),
(126, 1, '9780596002831'),
(126, 5, '0596002831'),
(126, 3, 'David Flanagan'),
(126, 2, '969'),
(126, 4, 'Sebastopol, CA : O\\''Reilly, 2002.'),
(127, 1, '9781565920903'),
(127, 5, '1565920902'),
(127, 3, 'Don Libes, '),
(127, 4, 'O\\''Reilly'),
(128, 1, '9780133708752'),
(128, 5, '0133708756'),
(128, 3, 'Paul Graham'),
(128, 2, '432'),
(128, 4, 'Englewood Cliffs, N.J. : Prentice Hall, c1996.'),
(129, 1, '9780133708752'),
(129, 5, '0133708756'),
(129, 3, 'Paul Graham'),
(129, 2, '432'),
(129, 4, 'Englewood Cliffs, N.J. : Prentice Hall, c1996.'),
(130, 1, '9780201114584'),
(130, 5, '0201114585'),
(130, 3, 'Franz Inc'),
(130, 2, '899'),
(130, 4, 'Reading, Mass. : Addison-Wesley Pub. Co., c1988.'),
(131, 1, '9780716781622'),
(131, 5, '071678162X'),
(131, 3, 'Jeffrey D. Ullman'),
(131, 4, 'Rockville, Md. : Computer Science Press, c1988-c1989.'),
(132, 1, '9780735626478'),
(132, 5, '0735626472'),
(132, 3, 'Stacia Misner, '),
(132, 4, 'Microsoft Press'),
(133, 1, '9780201134476'),
(133, 5, '0201134470'),
(133, 3, 'Donald E. Knuth; illustrations by Duane Bibby'),
(133, 2, '483'),
(133, 4, 'Reading, Mass. : Addison-Wesley, c1986.'),
(134, 1, '9780521644082'),
(134, 5, '0521644089'),
(134, 3, 'Paul Hudak'),
(134, 2, '363'),
(134, 4, 'Cambridge ; Cambridge University  Press, 2000.'),
(135, 1, '9780521370950'),
(135, 5, '0521370957'),
(135, 3, 'Paul Horowitz, Winfield Hill'),
(135, 2, '1125'),
(135, 4, 'Cambridge [England] ; Cambridge University Press, 1989.'),
(136, 1, '9780130353009'),
(136, 5, '0130353000'),
(136, 3, 'Jeffrey D. Ullman and Jennifer Widom'),
(136, 2, '511'),
(136, 4, 'Upper Saddle River, NJ : Prentice Hall, 2002.'),
(137, 1, '9780130353009'),
(137, 5, '0130353000'),
(137, 3, 'Jeffrey D. Ullman and Jennifer Widom'),
(137, 2, '511'),
(137, 4, 'Upper Saddle River, NJ : Prentice Hall, 2002.'),
(138, 1, '9780130402646'),
(138, 5, '0130402648'),
(138, 3, 'Héctor García-Molina, Jeffrey D. Ullman, Jennifer Widom'),
(138, 2, '653'),
(138, 4, 'New Jersey : Prentice hall, 2000.'),
(139, 1, '9780138613372'),
(139, 5, '0138613370'),
(139, 3, 'Jeffrey D. Ullman and Jennifer Widom'),
(139, 4, 'Upper Saddle River, N.J. : Prentice Hall, c1997.'),
(140, 1, '9780735612457'),
(140, 5, '0735612455'),
(140, 3, 'Joseph Davies'),
(140, 4, 'Redmond, Wash. : Microsoft Press, cop. 2003'),
(141, 1, '9780534950972'),
(141, 5, '0534950973'),
(141, 3, 'Michael Sipser'),
(141, 2, '431'),
(141, 4, 'Boston : Thomson Course Technology, c2006.'),
(142, 1, '9780805317558'),
(142, 5, '0805317554'),
(142, 3, 'Ramez Elmasri, Shamkant B. Navathe'),
(142, 4, 'Reading, Mass. : Addison-Wesley, c2000.'),
(143, 1, '9780805317558'),
(143, 5, '0805317554'),
(143, 3, 'Ramez Elmasri, Shamkant B. Navathe'),
(143, 4, 'Reading, Mass. : Addison-Wesley, c2000.'),
(144, 1, '9780072322064'),
(144, 5, '0072322063'),
(144, 3, 'Raghu Ramakrishnan, Johannes Gehrke'),
(144, 2, '906'),
(144, 4, 'Boston, MA : McGraw-Hill, 2000.'),
(145, 1, '9780201715842'),
(145, 5, '0201715848'),
(145, 3, 'Jonathan Lewis'),
(145, 2, '637'),
(145, 4, 'Boston, Mass. ; Addison-Wesley, c2001.'),
(146, 1, '9780201704365'),
(146, 5, '0201704366'),
(146, 3, 'Heidi Thorpe'),
(146, 2, '590'),
(146, 4, 'Boston : Addison-Wesley, c2001.'),
(147, 1, '9780201055948'),
(147, 5, '0201055945'),
(147, 3, 'Judea Pearl'),
(147, 2, '382'),
(147, 4, 'Reading, Mass. : Addison-Wesley Pub. Co., c1984.'),
(148, 1, '9780596004118'),
(148, 5, '0596004117'),
(148, 3, 'David Flanagan'),
(148, 4, 'Sebastopol, Calif. : O\\''Reilly, 2002, c2003.'),
(149, 1, '9780937175675'),
(149, 5, '0937175676'),
(149, 3, 'Linda Lamb'),
(149, 2, '173'),
(149, 4, 'Sebastopol, CA : O\\''Reilly &amp; Associates, 1992, c1990.'),
(150, 1, '9781565924963'),
(150, 5, '1565924967'),
(150, 3, 'Debra Cameron, '),
(150, 4, 'O\\''Reilly'),
(151, 1, '9780596526887'),
(151, 5, '0596526881'),
(151, 3, 'Jonathan Gennick'),
(151, 2, '184'),
(151, 4, 'Sebastopol, CA : O\\''Reilly, c2006.'),
(152, 1, '9780596001339'),
(152, 5, '0596001339'),
(152, 3, 'Robert Eckstein with Michel Casabianca. [Ed.: Ellen Siever]'),
(152, 4, 'Beijing ; O\\''Reilly, 2001'),
(153, 1, '9780596100506'),
(153, 5, '0596100507'),
(153, 3, 'Simon St. Laurent and Michael Fitzgerald'),
(153, 2, '171'),
(153, 4, 'Sebastopol, CA : O\\''Reilly Media, c2005.'),
(154, 1, '9780596001483'),
(154, 5, '0596001487'),
(154, 3, 'AEleen Frisch'),
(154, 2, '110'),
(154, 4, 'Sebastopol, CA : O\\''Reilly, c2001.'),
(155, 1, '9780596004156'),
(155, 5, '059600415X'),
(155, 3, 'Tony Stubblebine; [editor: Nathan Torkington]'),
(155, 2, '93'),
(155, 4, 'Sebastopol, Calif. ; O\\''Reilly, 2003.'),
(156, 1, '9781565920415'),
(156, 5, '1565920414'),
(156, 3, 'David W. Sanderson, '),
(156, 4, 'O\\''Reilly'),
(157, 1, '9780596003463'),
(157, 5, '0596003463'),
(157, 3, 'Chuck Toporek'),
(157, 2, '115'),
(157, 4, 'Beijing ; O\\''Reilly, 2002.'),
(158, 1, '9780596006280'),
(158, 5, '0596006284'),
(158, 3, 'Daniel J. Barrett'),
(158, 2, '191'),
(158, 4, 'Sebastopol, CA : O\\''Reilly, c2004.'),
(159, 1, '9780596521189'),
(159, 5, '0596521189'),
(159, 3, 'Jay A. Kreibich, '),
(159, 2, '528'),
(159, 4, 'O\\''Reilly Media'),
(160, 1, '9780321356680'),
(160, 5, '0321356683'),
(160, 3, 'Joshua Bloch'),
(160, 2, '346'),
(160, 4, 'Upper Saddle River, N.J. : Addison-Wesley, c2008.'),
(161, 1, '9780201633924'),
(161, 5, '0201633922'),
(161, 3, 'David R. Butenhof'),
(161, 2, '381'),
(161, 4, 'Reading, Mass. : Addison-Wesley, c1997.'),
(162, 1, '9781565921153'),
(162, 5, '1565921151'),
(162, 3, 'Bradford Nichols, Dick Buttlar, Jacqueline Proulx Farrell, '),
(162, 4, 'O\\''Reilly'),
(163, 1, '9781590595855'),
(163, 5, '1590595858'),
(163, 3, 'William von Hagen, '),
(163, 2, '584'),
(163, 4, 'Apress'),
(164, 1, '9781578701902'),
(164, 5, '1578701902'),
(164, 3, 'Gary V. Vaughan, Ben Elliston, Tom Tromey, Ian Lance Taylor, '),
(164, 4, 'Pearson Education'),
(165, 1, '9780072254372'),
(165, 5, '0072254378'),
(165, 3, 'Julie King'),
(165, 2, '339'),
(165, 4, 'New York ; McGraw Hill/Osborne, c2004.'),
(166, 1, '9780201634488'),
(166, 5, '0201634481'),
(166, 3, 'Radia Perlman'),
(166, 2, '537'),
(166, 4, 'Reading, Mass. : Addison Wesley, c2000.'),
(167, 1, '9780387972978'),
(167, 5, '0387972978'),
(167, 3, 'Przemyslaw Pruskinkiewicz, Aristid Lindenmayer; with James S. Hanan... [et al.]'),
(167, 2, '228'),
(167, 4, 'New York : Springer-Verlag, c1990.'),
(168, 1, '9781568300153'),
(168, 5, '1568300158'),
(168, 3, 'James K. Anders, '),
(168, 4, 'Hayden Books'),
(169, 1, '9780262692182'),
(169, 5, '026269218X'),
(169, 3, 'Thomas L. Sterling... [et al.]'),
(169, 2, '239'),
(169, 4, 'Cambridge, Mass : MIT Press, c1999.'),
(170, 1, '9780596000110'),
(170, 5, '0596000111'),
(170, 3, 'Dan J. Barrett and Richard E. Silverman'),
(170, 2, '540'),
(170, 4, 'Beijing ; O\\''Reilly, c2001.'),
(171, 1, '9781558606869'),
(171, 5, '1558606866'),
(171, 3, 'Michael J. Donahoo, Kenneth L. Calvert, '),
(171, 2, '130'),
(171, 4, 'Morgan Kaufmann Publishers'),
(172, 1, '9781558280021'),
(172, 5, '1558280022'),
(172, 3, 'Mark D. Goodwin, '),
(172, 2, '345'),
(172, 4, 'Mis Pr'),
(173, 1, '9780596005597'),
(173, 5, '0596005598'),
(173, 3, 'Rob Flickenger'),
(173, 2, '286'),
(173, 4, 'Beijing ; O\\''Reilly, c2003.'),
(174, 1, '9780596001834'),
(174, 5, '0596001835'),
(174, 3, 'Matthew S. Gast'),
(174, 2, '443'),
(174, 4, 'Sebastopol, CA : O\\''Reilly, c2002.'),
(175, 1, '9780596001605'),
(175, 5, '0596001606'),
(175, 3, 'Apple Computer, Inc'),
(175, 2, '366'),
(175, 4, 'Beijing ; O\\''Reilly, 2001.'),
(176, 1, '9788120320611'),
(176, 5, '8120320611'),
(176, 3, 'W. Richard Stevens, '),
(176, 4, 'Prentice Hall of India'),
(177, 1, '9780132017992'),
(177, 5, '0132017997'),
(177, 3, 'Maurice J. Bach'),
(177, 2, '471'),
(177, 4, 'Englewood Cliffs, N.J. : Prentice-Hall, c1986.'),
(178, 1, '9780201619102'),
(178, 5, '0201619105'),
(178, 3, 'Olivier Hersent, David Gurle &amp; Jean-Pierre Petit'),
(178, 2, '456'),
(178, 4, 'Harlow : Addison-Wesley, 2000.'),
(179, 1, '9780130354655'),
(179, 5, '0130354651'),
(179, 3, 'Carl J. Weisman'),
(179, 2, '311'),
(179, 4, 'Upper Saddle River, N.J. : c2002.'),
(180, 1, '9780596002978'),
(180, 5, '0596002971'),
(180, 3, 'Craig Hunt'),
(180, 2, '725'),
(180, 4, 'Sebastopol, CA : O\\''Reilly &amp; Associates, c2002.'),
(181, 1, '9781576104774'),
(181, 5, '157610477X'),
(181, 3, 'Michael A. Pastore, '),
(181, 2, '250'),
(181, 4, 'Coriolis Group Books'),
(182, 1, '9780735624214'),
(182, 5, '0735624216'),
(182, 3, 'Mitch Tulloch, The Microsoft Windows Server Team, '),
(182, 2, '496'),
(182, 4, 'Microsoft Press'),
(183, 1, '9780735619043'),
(183, 5, '0735619042'),
(183, 3, 'Bernhard Tritsch'),
(183, 2, '578'),
(183, 4, 'Redmond, Wa. : Microsoft Press, 2004.'),
(184, 1, '9780735613676'),
(184, 5, '0735613672'),
(184, 3, 'Charlie Russel, Sharon Crawford, Jason Gerend'),
(184, 2, '1571'),
(184, 4, 'Redmond, Wash. : Microsoft Press, c2003.'),
(185, 1, '9780536489289'),
(185, 5, '0536489289'),
(185, 3, 'David R. o\\''Halloron Randal E. Bryant, '),
(185, 4, 'Pearson Custom Publishing, Pearson Prentis Hall'),
(186, 1, '9780137903955'),
(186, 5, '0137903952'),
(186, 3, 'Stuart J. Russell and Peter Norvig; contributing writers, John F. Canny... [et al]'),
(186, 2, '1080'),
(186, 4, 'Upper Saddle River, N.J. : Prentice Hall, c2003.'),
(187, 1, '9780321584755'),
(187, 5, '0321584759'),
(187, 3, 'Robert V. Hogg, Elliot A. Tanis'),
(187, 2, '622'),
(187, 4, 'Upper Saddle River, NJ : Pearson/Prentice Hall, c2010.'),
(188, 1, '9781556220784'),
(188, 5, '1556220782'),
(188, 3, 'Mat Buckland'),
(188, 4, 'Wordware Publishing'),
(189, 1, '9781558609013'),
(189, 5, '1558609016'),
(189, 3, 'Jiawei Han, Micheline Kamber'),
(189, 2, '770'),
(189, 4, 'San Francisco, Calif. : Morgan Kaufmann ; 2006.'),
(190, 1, '9780471597537'),
(190, 5, '0471597538'),
(190, 3, 'Randy M. Kaplan'),
(190, 2, '452'),
(190, 4, 'New York : Wiley, c1994.'),
(191, 1, '9780974078519'),
(191, 5, '0974078514'),
(191, 3, 'Mark Dalrymple, Aaron Hillegass, '),
(191, 2, '646'),
(191, 4, 'Big Nerd Ranch'),
(192, 1, '9780672484483'),
(192, 5, '067248448X'),
(192, 3, 'Stephen G. Kochan and Patrick H. Wood'),
(192, 2, '490'),
(192, 4, 'Carmel, Ind., USA : Hayden Books, c1990.'),
(193, 1, '9780072127485'),
(193, 5, '0072127481'),
(193, 3, 'Joel Scambray, Stuart McClure, George Kurtz'),
(193, 2, '703'),
(193, 4, 'Berkeley, Calif. : Osborne/McGraw-Hill, c2001.'),
(194, 1, '9780072192629'),
(194, 5, '0072192623'),
(194, 3, 'Joel Scambray, Stuart McClure'),
(194, 2, '495'),
(194, 4, 'Osborne (Calif.) : McGraw-Hill, 2001.'),
(195, 1, '9780735615700'),
(195, 5, '0735615705'),
(195, 3, 'Jerry Honeycutt'),
(195, 4, 'Redmond, Wash. : Microsoft Press, c2003'),
(196, 1, '9780735618688'),
(196, 5, '0735618682'),
(196, 3, ''),
(196, 4, 'MICROSOFT PRESS, 2002.'),
(197, 1, '9780735613546'),
(197, 5, '0735613540'),
(197, 3, 'William R. Stanek'),
(197, 2, '540'),
(197, 4, 'Redmond, Wash. : Microsoft Press, c2003.'),
(198, 1, '9780937175712'),
(198, 5, '0937175714'),
(198, 3, 'Deborah Russell and G. T. Gangemi, Sr'),
(198, 2, '448'),
(198, 4, 'Sebastopol, CA : O\\''Reilly &amp; Associates, c1991, c[1992]'),
(199, 1, '9780937175729'),
(199, 5, '0937175722'),
(199, 3, 'Simson Garfinkel and Gene Spafford'),
(199, 2, '483'),
(199, 4, 'Sebastopol, CA : O\\''Reilly &amp; Associates, c1991.'),
(200, 1, '9781565921481'),
(200, 5, '1565921488'),
(200, 3, 'Simson Garfinkel, Gene Spafford, '),
(200, 2, '1000'),
(200, 4, 'O\\''Reilly'),
(201, 1, '9780735618770'),
(201, 5, '0735618771'),
(201, 3, 'Mitch Tulloch'),
(201, 2, '449'),
(201, 4, 'Redmond, Wash. : Microsoft Press, 2003.'),
(202, 1, '9780071380386'),
(202, 5, '0071380388'),
(202, 3, 'Randall K. Nichols, Panos C. Lekkas'),
(202, 2, '657'),
(202, 4, 'New York ; McGraw-Hill, c2002.'),
(203, 1, '9780071380386'),
(203, 5, '0071380388'),
(203, 3, 'Randall K. Nichols, Panos C. Lekkas'),
(203, 2, '657'),
(203, 4, 'New York ; McGraw-Hill, c2002.'),
(204, 1, '9780937175842'),
(204, 5, '0937175846'),
(204, 3, 'Debra Cameron and Bill Rosenblatt'),
(204, 2, '411'),
(204, 4, 'Sebastopol, CA : O\\''Reilly &amp; Associates, c1991.'),
(205, 1, '9780679790730'),
(205, 5, '067979073X'),
(205, 3, 'Jerry Peek, Tim O\\''Reilly, Mike Loukides; and other authors of the Nutshell Handbooks'),
(205, 2, '1129'),
(205, 4, 'Sebastopol, CA : O\\''Reilly &amp; Associates ; 1993.'),
(206, 1, '9781565928398'),
(206, 5, '1565928393'),
(206, 3, 'Bryan Costales with Eric Allman'),
(206, 2, '1205'),
(206, 4, 'Sebastopol, CA : O\\''Reilly, c2003.'),
(207, 1, '9780471036630'),
(207, 5, '0471036633'),
(207, 3, 'Ronald J. Leach'),
(207, 2, '352'),
(207, 4, 'New York : J. Wiley, c1994.'),
(208, 1, '9780070431522'),
(208, 5, '0070431523'),
(208, 3, 'Rachel Morgan and Henry McGilton'),
(208, 2, '612'),
(208, 4, 'New York : McGraw-Hill, c1987.'),
(209, 1, '9780201185355'),
(209, 5, '0201185350'),
(209, 3, 'P. C. Poole, N. Poole'),
(209, 2, '416'),
(209, 4, 'Wokingham, England ; Addison-Wesley, c1986.'),
(210, 1, '9781565920545'),
(210, 5, '1565920546'),
(210, 3, 'Bill Rosenblatt'),
(210, 2, '336'),
(210, 4, 'Sebastopol, CA : O\\''Reilly &amp; Associates, c1993.'),
(211, 1, '9780937175224'),
(211, 5, '0937175226'),
(211, 3, 'John Strang, Linda Mui, and Tim O\\''Reilly'),
(211, 2, '253'),
(211, 4, 'Sebastopol, CA : O\\''Reilly, c1990.'),
(212, 1, '9780130981387'),
(212, 5, '0130981389'),
(212, 3, 'Berny Goodheart, James Cox'),
(212, 2, '664'),
(212, 4, 'New York : Prentice Hall, c1994.'),
(213, 1, '9780132075565'),
(213, 5, '0132075563'),
(213, 3, 'Berny Goodheart, James Cox'),
(213, 4, 'Prentice Hall'),
(214, 1, '9781571762276'),
(214, 5, '1571762272'),
(214, 3, 'Greg Lehey, '),
(214, 4, 'Walnut Creek'),
(215, 1, '9781400524808'),
(215, 5, '1400524806'),
(215, 3, 'Developer Library, '),
(215, 4, 'Fatbrain'),
(216, 1, '9780735605886'),
(216, 5, '0735605882'),
(216, 3, 'Walter Oney'),
(216, 2, '626'),
(216, 4, 'Redmond, Washington Microsoft Press cop. 1999'),
(217, 1, '9780735620384'),
(217, 5, '0735620385'),
(217, 3, 'William R. Stanek'),
(217, 2, '392'),
(217, 4, 'Redmond, Wash. : Microsoft Press, c2004.'),
(218, 1, '9781565920019'),
(218, 5, '1565920015'),
(218, 3, 'Daniel Gilly, The staff of O\\''Reilly Media, '),
(218, 2, '444'),
(218, 4, 'O\\''Reilly'),
(219, 1, '9780471094401'),
(219, 5, '0471094404'),
(219, 3, '[by] Jerome Bracken and Garth P. McCormick'),
(219, 2, '110'),
(219, 4, 'New York, Wiley [1968]'),
(220, 1, '9780596155254'),
(220, 5, '0596155255'),
(220, 3, 'Mitch Allen, '),
(220, 2, '352'),
(220, 4, 'O\\''Reilly Media, Inc.'),
(221, 1, '9780735625303'),
(221, 5, '0735625301'),
(221, 3, ''),
(221, 2, '1232'),
(221, 4, 'Microsoft Press'),
(222, 1, '9780123704900'),
(222, 5, '0123704901'),
(222, 3, 'John L. Hennessy, David A. Patterson; with contributions by Andrea C. Arpaci-Dusseau... [et al.]'),
(222, 4, 'Amsterdam ; Morgan Kaufmann, 2007.'),
(223, 1, '9780123744937'),
(223, 5, '0123744938'),
(223, 3, ''),
(223, 4, 'Amsterdam ; Morgan Kaufmann, c2009.'),
(224, 1, '9781558606043'),
(224, 5, '1558606041'),
(224, 3, 'David A. Patterson, John L. Hennessy; with a contribution by Peter J. Ashenden, James R. Larus, Daniel J. Sorin'),
(224, 2, '621'),
(224, 4, 'Amsterdam ; Elsevier/Morgan Kaufmann, c2005.'),
(225, 1, '9780023992933'),
(225, 5, '002399293X'),
(225, 3, 'Ronald A. Reis'),
(225, 2, '449'),
(225, 4, 'Englewood Cliffs, N.J. : Prentice Hall, [1994], c1995.'),
(226, 1, '9780805389203'),
(226, 5, '0805389202'),
(226, 3, 'James E. Brink, Richard J. Spillman'),
(226, 2, '572'),
(226, 4, 'Menlo Park, Calif.: Benjamin/Cummings Pub. Co., c1987.'),
(227, 1, '9780137362998'),
(227, 5, '0137362994'),
(227, 3, '[edited by Dave Jaggar]'),
(227, 4, 'London ; Prentice Hall, c1996.'),
(228, 1, '9780596521189'),
(228, 5, '0596521189'),
(228, 3, 'Jay A. Kreibich, '),
(228, 2, '528'),
(228, 4, 'O\\''Reilly Media'),
(229, 1, '9788178671161'),
(229, 5, '8178671166'),
(229, 3, ''),
(229, 4, ''),
(230, 1, '9780966498035'),
(230, 5, '0966498038'),
(230, 3, 'M. Rafiquzzaman'),
(230, 2, '889'),
(230, 4, 'Diamond Bar, Calif. : Rafi Systems, c2000.'),
(231, 1, '9780023599309'),
(231, 5, '0023599308'),
(231, 3, 'J. David Irwin, David V. Kerns, Jr'),
(231, 4, 'Englewood Cliffs, N.J. ; Prentice Hall, c1995.'),
(232, 1, '9780136013334'),
(232, 5, '0136013333'),
(232, 3, 'Nannapaneni Narayana Rao, '),
(232, 4, 'Prentice Hall'),
(233, 1, '9780941413350'),
(233, 5, '0941413357'),
(233, 3, 'B. P. Lathi'),
(233, 2, '850'),
(233, 4, 'Carmichael, Calif. : Berkeley Cambridge Press, c1998.'),
(234, 1, '9780070637580'),
(234, 5, '007063758X'),
(234, 3, 'William D. Simpson... [et al.]; Texas Instruments Learning Center and the engineering staff of Texas Instruments Incorporated'),
(234, 4, 'New York : McGraw-Hill, 1980, c1978.'),
(235, 1, '9780132128384'),
(235, 5, '0132128381'),
(235, 3, 'John F. Wakerly'),
(235, 2, '716'),
(235, 4, 'Englewood Cliffs, N.J. : Prentice Hall, c1990.'),
(236, 1, '9780139498763'),
(236, 5, '0139498761'),
(236, 3, 'W. Richard Stevens'),
(236, 2, '772'),
(236, 4, 'Englewood Cliffs, N.J. : Prentice Hall, c1990.'),
(237, 1, '9780130992277'),
(237, 5, '0130992275'),
(237, 3, 'SPARC International, Inc., David L. Weaver/Tom Germond editors'),
(237, 2, '357'),
(237, 4, 'Englewood Cliffs, N.J. : Prentice Hall, c1994.'),
(238, 1, '9780072228977'),
(238, 5, '0072228970'),
(238, 3, 'Herbert Schildt'),
(238, 2, '688'),
(238, 4, 'Berkeley, Calif. ; Osborne/McGraw-Hill, 2003.'),
(239, 1, '9780943518862'),
(239, 5, '0943518865'),
(239, 3, 'David Hu'),
(239, 2, '565'),
(239, 4, 'Portland, Ore. : Management Information Source, c1989.'),
(240, 1, '9780672312397'),
(240, 5, '0672312395'),
(240, 3, 'Jesse Liberty, with Vishwajit Aklecha... [et al.]'),
(240, 4, 'Indianapolis, Ind. : Sams Pub., c1999.'),
(241, 1, '9780201749625'),
(241, 5, '0201749629'),
(241, 3, 'Scott Meyers'),
(241, 2, '260'),
(241, 4, 'Boston ; Addison-Wesley, c2001.'),
(242, 1, '9780471118091'),
(242, 5, '0471118095'),
(242, 3, 'Cameron Hughes, Thomas Hamilton, Tracey Hughes'),
(242, 2, '372'),
(242, 4, 'New York : Wiley, c1995.'),
(243, 1, '9780078822094'),
(243, 5, '0078822092'),
(243, 3, 'Herbert Schildt'),
(243, 2, '402'),
(243, 4, 'Berkeley, Calif. : Osborne McGraw-Hill, c1996.'),
(244, 1, '9780201704310'),
(244, 5, '0201704315'),
(244, 3, 'Andrei Alexandrescu'),
(244, 2, '323'),
(244, 4, 'Boston, MA : Addison-Wesley, 2001.'),
(245, 1, '9780256240924'),
(245, 5, '0256240922'),
(245, 3, 'James P. Cohoon, Jack W. Davidson, '),
(245, 2, '704'),
(245, 4, 'Richard D Irwin'),
(246, 1, '9780201702897'),
(246, 5, '0201702894'),
(246, 3, 'Jeff Salvage'),
(246, 2, '661'),
(246, 4, 'Boston, Mass. : Addison Wesley , c2001.'),
(247, 1, '9780321356680'),
(247, 5, '0321356683'),
(247, 3, 'Joshua Bloch'),
(247, 2, '346'),
(247, 4, 'Upper Saddle River, N.J. : Addison-Wesley, c2008.'),
(248, 1, '9780130284181'),
(248, 5, '0130284181'),
(248, 3, 'H. M. Deitel... [et al.]'),
(248, 4, 'Upper Saddle River, N.J. : Prentice Hall, 2001.'),
(249, 1, '9781565922860'),
(249, 5, '1565922867'),
(249, 3, 'Ellen Siever, Ellen Siever, Nathan Patwardhan, '),
(249, 4, 'O\\''Reilly'),
(250, 1, '9780977920150'),
(250, 5, '0977920151'),
(250, 3, 'chromatic, '),
(250, 4, 'Onyx Neon Press'),
(251, 1, '9780596001735'),
(251, 5, '0596001738'),
(251, 3, 'Damian Conway'),
(251, 4, 'Sebastopol, CA : O\\''Reilly, c2005.'),
(252, 1, '9780393954456'),
(252, 5, '0393954455'),
(252, 3, 'by Doug Cooper and Michael Clancy'),
(252, 2, '607'),
(252, 4, 'New York : W.W. Norton, c1985.'),
(253, 1, '9780673397362'),
(253, 5, '067339736X'),
(253, 3, 'Harry R. Lewis, Larry Denenberg'),
(253, 2, '509'),
(253, 4, 'New York, NY : HarperCollins Publishers, c1991.'),
(254, 1, '9780937175644'),
(254, 5, '0937175641'),
(254, 3, 'Larry Wall and Randal L. Schwartz'),
(254, 2, '465'),
(254, 4, 'Sebastopol, CA : O\\''Reilly &amp; Associates, 1992.'),
(255, 1, '9781558602861'),
(255, 5, '1558602860'),
(255, 3, 'Randy Allen, Ken Kennedy'),
(255, 2, '790'),
(255, 4, 'San Francisco, Calif. : Morgan Kaufmann ; c2002.'),
(256, 1, '9780201000221'),
(256, 5, '0201000229'),
(256, 3, 'Alfred V. Aho, Jeffrey D. Ullman'),
(256, 2, '604'),
(256, 4, 'Reading, Mass. : Addision-Wesley Pub. Co., c1977.'),
(257, 1, '9780136006633'),
(257, 5, '0136006639'),
(257, 3, 'Andrew S. Tanenbaum'),
(257, 2, '1076'),
(257, 4, 'Upper Saddle River, N.J. : Pearson Prentice Hall, c2008.'),
(258, 1, '9781588741554'),
(258, 5, '1588741559'),
(258, 3, 'Marsha Woodbury, '),
(258, 2, '360'),
(258, 4, 'Stipes Pub Llc'),
(259, 1, '9780126339512'),
(259, 5, '0126339511'),
(259, 3, 'Michael L. Scott'),
(259, 2, '875'),
(259, 4, 'San Francisco, Calif. : Morgan Kaufmann ; c2006.'),
(260, 1, '9780321205759'),
(260, 5, '0321205758'),
(260, 3, 'Kent Beck, Erich Gamma'),
(260, 2, '395'),
(260, 4, 'Boston, Mass. : Addison-Wesley, c2004.'),
(261, 1, '9788120313538'),
(261, 5, '8120313534'),
(261, 3, ''),
(261, 4, 'Prentice-Hall India'),
(262, 1, '9780393954425'),
(262, 5, '0393954420'),
(262, 3, 'Robert Wilensky'),
(262, 2, '385'),
(262, 4, 'New York : W.W. Norton, c1984.'),
(263, 1, '9780030949043'),
(263, 5, '0030949041'),
(263, 3, 'David J. Comer'),
(263, 4, 'Saunders, 1995.'),
(264, 1, '9780226899152'),
(264, 5, '0226899152'),
(264, 3, 'Joseph M. Williams with two chapters coauthored by Gregory G. Colomb'),
(264, 2, '208'),
(264, 4, 'Chicago : University of Chicago Press, 1995.'),
(265, 1, '9780201398151'),
(265, 5, '020139815X'),
(265, 3, 'Ian Sommerville'),
(265, 2, '693'),
(265, 4, 'Harlow : Addison-Wesley, 2001.'),
(266, 1, '9780201072563'),
(266, 5, '0201072564'),
(266, 3, 'Thomas A. Standish'),
(266, 2, '447'),
(266, 4, 'Reading, MA : Addison-Wesley, c1980.'),
(267, 1, '9780691090856'),
(267, 5, '0691090858'),
(267, 3, 'edited by Lisa M. Dolling, Arthur F. Gianelli, Glenn N. Statile'),
(267, 2, '716'),
(267, 4, 'Princeton, N.J. ; Princeton University Press, c2003.'),
(268, 1, '9780672302879'),
(268, 5, '067230287X'),
(268, 3, 'Tom Swan'),
(268, 2, '601'),
(268, 4, 'Carmel, IN : Sams Pub., c1993.'),
(269, 1, '9780130473813'),
(269, 5, '0130473812'),
(269, 3, 'Daniel H. Steinberg and Daniel W. Palmer'),
(269, 2, '273'),
(269, 4, 'Upper Saddle River, N.J. : Pearson Prentice Hall, c2004.'),
(270, 1, '9780201175141'),
(270, 5, '0201175142'),
(270, 3, 'Friedhelm Schmidt'),
(270, 2, '396'),
(270, 4, 'Harlow, Eng. ; Addison-Wesley, c1998.'),
(271, 1, '9780201710403'),
(271, 5, '0201710404'),
(271, 3, 'Giancarlo Succi, Michele Marchesi'),
(271, 2, '569'),
(271, 4, 'Boston, MA ; Addison-Wesley, 2001.'),
(272, 1, '9780201701036'),
(272, 5, '0201701030'),
(272, 3, 'Dick Hamlet, Joe Maybee'),
(272, 2, '494'),
(272, 4, 'Boston : Addison-Wesley, 2001.'),
(273, 1, '9780735615885'),
(273, 5, '0735615888'),
(273, 3, 'Michael Howard and David LeBlanc'),
(273, 4, 'Redmond, Wash. : Microsoft Press, c2002'),
(274, 1, '9780471358466'),
(274, 5, '0471358460'),
(274, 3, 'Cem Kaner, Jack Falk, Hung Quoc Nguyen'),
(274, 2, '480'),
(274, 4, 'New York ; Wiley Computer Publishing, c1999.'),
(275, 1, '9781556156502'),
(275, 5, '1556156502'),
(275, 3, 'Steve Maguire, '),
(275, 4, 'Microsoft Press'),
(276, 1, '9780596003579'),
(276, 5, '0596003579'),
(276, 3, 'Stephen Spainhour and Robert Eckstein'),
(276, 2, '561'),
(276, 4, 'Beijing ; Farnham : c2003.'),
(277, 1, '9780201441246'),
(277, 5, '0201441241'),
(277, 3, 'John E. Hopcroft, Rajeev Motwani, Jeffrey D. Ullman'),
(277, 2, '521'),
(277, 4, 'Boston : Addison-Wesley, c2001.'),
(278, 1, '9780137292387'),
(278, 5, '0137292384'),
(278, 3, 'Robert Leroy Kruse, '),
(278, 2, '637'),
(278, 4, 'Prentice Hall'),
(279, 1, '9780321295354'),
(279, 5, '0321295358'),
(279, 3, 'Jon Kleinberg, ۺva Tardos'),
(279, 2, '838'),
(279, 4, 'Boston : Pearson/Addison-Wesley, c2006.'),
(280, 1, '9780321295354'),
(280, 5, '0321295358'),
(280, 3, 'Jon Kleinberg, ۺva Tardos'),
(280, 2, '838'),
(280, 4, 'Boston : Pearson/Addison-Wesley, c2006.'),
(281, 1, '9780072226010'),
(281, 5, '0072226013'),
(281, 3, 'Dave Hrynkiw and Mark W. Tilden'),
(281, 2, '374'),
(281, 4, 'New York : McGraw-Hill/Osborne, c2002.'),
(282, 1, '9780977616633'),
(282, 5, '0977616630'),
(282, 3, 'Dave Thomas, David Heinemeier Hansson; with Leon Breedt... [et al.]'),
(282, 2, '719'),
(282, 4, 'Raleigh, N.C. : Pragmatic Bookshelf, c2006.'),
(283, 1, '9780201038040'),
(283, 5, '0201038048'),
(283, 3, 'Donald E. Knuth, '),
(283, 2, '912'),
(283, 4, 'Addison-Wesley Professional'),
(284, 1, '9780486404530'),
(284, 5, '0486404536'),
(284, 3, 'Morris Kline'),
(284, 4, 'Dover Publications'),
(285, 1, '9788185618166'),
(285, 5, '818561816X'),
(285, 3, ''),
(285, 2, '1020'),
(285, 4, 'Foundation Books'),
(286, 1, '9780521431088'),
(286, 5, '0521431085'),
(286, 3, 'William H. Press... [et al.]'),
(286, 2, '994'),
(286, 4, 'Cambridge [England] ; Cambridge University Press, 1994, c1992.'),
(287, 1, '9780070346390'),
(287, 5, '0070346399'),
(287, 3, 'J. Thomas King'),
(287, 2, '355'),
(287, 4, 'New York : McGraw-Hill, c1984.'),
(288, 1, '9780534043568'),
(288, 5, '0534043569'),
(288, 3, 'Ward Cheney, David Kincaid'),
(288, 2, '562'),
(288, 4, 'Monterey, Calif. : Brooks/Cole, c1985.'),
(289, 1, '9780534931544'),
(289, 5, '0534931545'),
(289, 3, 'Dennis G. Zill'),
(289, 4, 'Boston : PWS-Kent Pub. Co., c1993.'),
(290, 1, '9780471597568'),
(290, 5, '0471597562'),
(290, 3, 'Bruce Schneier'),
(290, 2, '618'),
(290, 4, 'New York : Wiley, c1994'),
(291, 1, '9780201113662'),
(291, 5, '020111366X'),
(291, 3, 'Morris H. DeGroot'),
(291, 2, '723'),
(291, 4, 'Reading, Mass. : Addison-Wesley Pub. Co., c1986.'),
(292, 1, '9780201117523'),
(292, 5, '0201117525'),
(292, 3, 'Abraham Kandel'),
(292, 2, '274'),
(292, 4, 'Reading, Mass. : Addison-Wesley, c1986.'),
(293, 1, '9780070539662'),
(293, 5, '0070539669'),
(293, 3, 'Kenneth H. Rosen'),
(293, 2, '372'),
(293, 4, 'New York : McGraw-Hill, 1995.'),
(294, 1, '9780130661555'),
(294, 5, '0130661554'),
(294, 3, 'C Henry Edwards, David Penney, '),
(294, 4, 'Pearson Higher Education'),
(295, 1, '9780131857858'),
(295, 5, '0131857851'),
(295, 3, 'Steven J. Leon'),
(295, 2, '523'),
(295, 4, 'Upper Saddle River, N.J. : Pearson Prentice Hall, c2006.'),
(296, 1, '9780201557015'),
(296, 5, '0201557010'),
(296, 3, 'Ross L. Finney and George B. Thomas, Jr'),
(296, 4, 'Reading, Mass. : Addison-Wesley, cop. 1990'),
(297, 1, '9780471476023'),
(297, 5, '0471476021'),
(297, 3, 'Douglas E. Ensley, J. Winston Crawley'),
(297, 2, '691'),
(297, 4, 'Hoboken, NJ : Wiley, c2006.'),
(298, 1, '9780133820942'),
(298, 5, '0133820947'),
(298, 3, 'C. H. Edwards, Jr., David E. Penney'),
(298, 4, 'Englewood Cliffs, N.J. : Prentice Hall, c1996.'),
(299, 1, '9781558606043'),
(299, 5, '1558606041'),
(299, 3, 'David A. Patterson, John L. Hennessy; with a contribution by Peter J. Ashenden, James R. Larus, Daniel J. Sorin'),
(299, 2, '621'),
(299, 4, 'Amsterdam ; Elsevier/Morgan Kaufmann, c2005.'),
(300, 1, '9780980232714'),
(300, 5, '0980232716'),
(300, 3, 'Gilbert Strang, '),
(300, 4, 'Wellesley Cambridge Pr'),
(301, 1, '9780716713050'),
(301, 5, '0716713055'),
(301, 3, 'Judith L. Gersting'),
(301, 4, 'San Francisco : W.H. Freeman, c1982.'),
(302, 1, '9780262720144'),
(302, 5, '0262720140'),
(302, 3, 'edited by Jan van Leeuwen'),
(302, 4, 'Amsterdam ; Elsevier ; 1990.'),
(303, 1, '9780534389932'),
(303, 5, '0534389937'),
(303, 3, 'Ward Cheney, David Kincaid'),
(303, 2, '817'),
(303, 4, 'Belmont, CA. ; Brooks/Cole-Thomson Learning, c2004.'),
(304, 1, '9780070381339'),
(304, 5, '007038133X'),
(304, 3, 'C. L. Liu'),
(304, 2, '433'),
(304, 4, 'New York : McGraw-Hill, c1985.'),
(305, 1, '9780132535007'),
(305, 5, '0132535009'),
(305, 3, 'Robert McNaughton'),
(305, 2, '400'),
(305, 4, 'Englewood Cliffs, N.J. : Prentice-Hall, c1982.'),
(306, 1, '9780486691152'),
(306, 5, '0486691152'),
(306, 3, 'V.K. Balakrishnan'),
(306, 4, 'New York : Dover Publications, 1996.'),
(307, 1, '9780070539655'),
(307, 5, '0070539650'),
(307, 3, 'Kenneth H. Rosen'),
(307, 4, 'New York : McGraw-Hill, c1995.'),
(308, 1, '9780262692205'),
(308, 5, '0262692201'),
(308, 3, 'Julie Sussman'),
(308, 4, 'The MIT Press'),
(309, 1, '9780072376906'),
(309, 5, '0072376902'),
(309, 3, 'Yale N. Patt, Sanjay J. Patel'),
(309, 2, '526'),
(309, 4, 'Boston ; McGraw Hill, c2001.'),
(310, 1, '9780882361154'),
(310, 5, '0882361155'),
(310, 3, 'Gary B. Shelly &amp; Thomas J. Cashman'),
(310, 2, '474'),
(310, 4, 'Fullerton, CA : Anaheim Pub. Co., c1980.'),
(311, 1, '9780131654983'),
(311, 5, '0131654985'),
(311, 3, '[by] William H. Desmonde'),
(311, 2, '427'),
(311, 4, 'Englewood Cliffs, N.J., Prentice-Hall [1971]'),
(312, 1, '9780452276437'),
(312, 5, '0452276438'),
(312, 3, 'Tim Jackson, '),
(312, 4, 'Plume Books'),
(313, 1, '9780201835953'),
(313, 5, '0201835959'),
(313, 3, 'Frederick P. Brooks, Jr'),
(313, 2, '322'),
(313, 4, 'Reading, MA : Addison-Wesley Pub. Co, 1995.'),
(314, 1, '9780066620671'),
(314, 5, '0066620678'),
(314, 3, 'Michael L. Dertouzos'),
(314, 2, '224'),
(314, 4, 'New York : HarperCollins, c2001.'),
(315, 1, '9780201708950'),
(315, 5, '0201708957'),
(315, 3, 'Benjamin Erwin'),
(315, 2, '303'),
(315, 4, 'Boston (Mass.) : Addison-Wesley, 2001.'),
(316, 1, '9780133244359'),
(316, 5, '0133244350'),
(316, 3, 'Ralf Steinmetz, Klara Nahrstedt'),
(316, 2, '854'),
(316, 4, 'Upper Saddle River, NJ : Prentice Hall, c1995.'),
(317, 1, '9780072424348'),
(317, 5, '0072424346'),
(317, 3, 'Kenneth H. Rosen'),
(317, 4, 'Boston : McGraw-Hill, c2003.'),
(318, 1, '9780131464131'),
(318, 5, '0131464132'),
(318, 3, 'Robert V. Hogg, Elliot A. Tanis'),
(318, 2, '735'),
(318, 4, 'Upper Saddle River, NJ : Prentice Hall, c2006.'),
(319, 1, '9780321321374'),
(319, 5, '0321321375'),
(319, 3, 'Edward Angel'),
(319, 2, '784'),
(319, 4, 'Boston : Pearson/Addison-Wesley, c2006.'),
(320, 1, '9780672318351'),
(320, 5, '0672318350'),
(320, 3, 'André LaMothe'),
(320, 2, '1005'),
(320, 4, 'Indianapolis, Ind. : Sams, c1999.'),
(321, 1, '9780071358927'),
(321, 5, '0071358927'),
(321, 3, 'Paul Freiberger, Michael Swaine'),
(321, 2, '463'),
(321, 4, 'New York : McGraw-Hill, c2000.'),
(322, 1, '9781592000302'),
(322, 5, '1592000304'),
(322, 3, 'Ernest Pazera, '),
(322, 4, 'Muska &amp; Lipman/Premier-Trade'),
(323, 1, '9781565922341'),
(323, 5, '1565922344'),
(323, 3, 'David Flanagan, '),
(323, 2, '664'),
(323, 4, 'O\\''Reilly'),
(324, 1, '9780471476023'),
(324, 5, '0471476021'),
(324, 3, 'Douglas E. Ensley, J. Winston Crawley'),
(324, 2, '691'),
(324, 4, 'Hoboken, NJ : Wiley, c2006.'),
(325, 1, '9780201461381'),
(325, 5, '0201461382'),
(325, 3, 'OpenGL Architecture Review Board, Mason Woo, Jackie Neider, Tom Davis'),
(325, 2, '650'),
(325, 4, 'Reading, Mass. : Addison Wesley , c1997.'),
(326, 1, '9780201461404'),
(326, 5, '0201461404'),
(326, 3, 'OpenGL Architecture Review Board; editors, Renate Kempf and Chris Frazier'),
(326, 2, '490'),
(326, 4, 'Reading, Mass : Addison-Wesley Developers Press, c1997.'),
(327, 1, '9781568811017'),
(327, 5, '1568811012'),
(327, 3, 'Tomas Möller, Eric Haines'),
(327, 2, '482'),
(327, 4, 'Natick, Mass. : A K Peters, c1999.'),
(328, 1, '9780122287305'),
(328, 5, '0122287304'),
(328, 3, 'David S. Ebert, editor... [et al.]'),
(328, 2, '415'),
(328, 4, 'San Diego : AP Professional, c1998.'),
(329, 1, '9781581132922'),
(329, 5, '1581132921'),
(329, 3, ''),
(329, 4, 'Assn for Computing Machinery'),
(330, 1, '9780495598930'),
(330, 5, '0495598933'),
(330, 3, 'Robert J. Brym, John Lie, '),
(330, 4, 'Wadsworth Publishing'),
(331, 1, '9780495504306'),
(331, 5, '0495504300'),
(331, 3, 'Margaret L. Andersen, Kim A. Logio, Howard F. Taylor, '),
(331, 2, '456'),
(331, 4, 'Wadsworth Publishing'),
(332, 1, '9780538743655'),
(332, 5, '0538743654'),
(332, 3, 'Lawrence J. Gitman, Michael D. Joehnk, Randall Billingsley, '),
(332, 4, 'South-Western College Pub'),
(333, 1, '9780130653642'),
(333, 5, '0130653640'),
(333, 3, 'Lillian C. McDermott, Peter S. Shaffer, and the Physics Education Group, Department of Physics, University of Washington'),
(333, 2, '245'),
(333, 4, 'Upper Saddle River, NJ : Prentice Hall, c2002.'),
(334, 1, '9780131403055'),
(334, 5, '0131403052'),
(334, 3, 'Bruno Nettl... [et al.]'),
(334, 2, '364'),
(334, 4, 'Upper Saddle River, N.J. : Pearson/Prentice Hall, c2004.'),
(335, 1, '9780536473257'),
(335, 5, '0536473250'),
(335, 3, 'young, '),
(335, 4, ''),
(336, 1, '9780495114758'),
(336, 5, '0495114758'),
(336, 3, 'Ward Cheney, David Kincaid'),
(336, 2, '763'),
(336, 4, 'Belmont, Calif. : Thomson/Brooks/Cole, c2008.'),
(337, 1, '9780130319951'),
(337, 5, '0130319953'),
(337, 3, 'Hector Garcia-Molina, Jeffrey D. Ullman, Jennifer Widom'),
(337, 2, '1119'),
(337, 4, 'Upper Saddle River, N.J. : Prentice Hall, c2002.'),
(338, 1, '9780814250761'),
(338, 5, '0814250769'),
(338, 3, 'editors, Thomas W. Stewart, Jr., Nathan Vaillette'),
(338, 2, '508'),
(338, 4, 'Columbus, : Ohio State University Press, c2001.'),
(339, 1, '9780671559632'),
(339, 5, '067155963X'),
(339, 3, 'Charles A. Crayne, Dian Girard, '),
(339, 4, 'baen'),
(340, 1, '9780070105522'),
(340, 5, '0070105529'),
(340, 3, ''),
(340, 2, '580'),
(340, 4, 'New York, McGraw-Hill [1973]'),
(341, 1, '9780880015110'),
(341, 5, '088001511X'),
(341, 3, 'edited by Nelson Foster and Jack Shoemaker; foreword by Robert Aitken'),
(341, 2, '374'),
(341, 4, 'Hopewell, N.J. : The Ecco Press, c1996.'),
(342, 1, '9780139738432'),
(342, 5, '0139738436'),
(342, 3, 'Douglas E. Comer'),
(342, 4, 'Englewood Cliffs, N.J. : Prentice Hall, c1995-'),
(343, 1, '9780596000080'),
(343, 5, '0596000081'),
(343, 3, 'Alessandro Rubini &amp; Jonathan Corbet'),
(343, 4, 'Sebastopol : O\\''Reilly &amp; Associates, c2001.'),
(344, 1, '9780201563177'),
(344, 5, '0201563177'),
(344, 3, 'W. Richard Stevens'),
(344, 2, '744'),
(344, 4, 'Reading, Mass. : Addison-Wesley Pub. Co., c1992.'),
(345, 1, '9780201722185'),
(345, 5, '0201722186'),
(345, 3, 'Don Loomis'),
(345, 2, '365'),
(345, 4, 'Boston ; Addison-Wesley, c2001.'),
(346, 1, '9781565921269'),
(346, 5, '1565921267'),
(346, 3, 'Greg Lehey, '),
(346, 2, '534'),
(346, 4, 'O\\''Reilly'),
(347, 1, '9781573980265'),
(347, 5, '1573980269'),
(347, 3, 'Lynne G. Jolitz, William Frederick Jolitz, '),
(347, 2, '530'),
(347, 4, 'Coriolis Group Books'),
(348, 1, '9780672306556'),
(348, 5, '0672306557'),
(348, 3, 'Richard A. Burgess'),
(348, 2, '741'),
(348, 4, 'Indianapolis, Ind. : Sams Pub., c1995.'),
(349, 1, '9780131479548'),
(349, 5, '0131479547'),
(349, 3, 'William Stallings'),
(349, 2, '818'),
(349, 4, 'Upper Saddle River, NJ : Pearson/Prentice Hall, c2005.'),
(350, 1, '9780471375234'),
(350, 5, '0471375233'),
(350, 3, 'Jeff Duntemann'),
(350, 2, '613'),
(350, 4, 'New York ; Wiley, c2000.');

-- --------------------------------------------------------

--
-- Table structure for table `tatt_checkouts`
--

DROP TABLE IF EXISTS `tatt_checkouts`;
CREATE TABLE IF NOT EXISTS `tatt_checkouts` (
  `item_id` int(11) NOT NULL,
  `user_id` int(11) NOT NULL,
  `checkout_time` timestamp NOT NULL DEFAULT CURRENT_TIMESTAMP,
  `return_time` timestamp NOT NULL DEFAULT '0000-00-00 00:00:00',
  PRIMARY KEY (`item_id`,`user_id`,`checkout_time`)
) ENGINE=MyISAM DEFAULT CHARSET=latin1;

--
-- Dumping data for table `tatt_checkouts`
--

INSERT INTO `tatt_checkouts` (`item_id`, `user_id`, `checkout_time`, `return_time`) VALUES
(230, 6, '2011-11-02 18:35:46', '2011-11-02 18:58:58'),
(51, 13, '2011-11-23 19:32:37', '0000-00-00 00:00:00'),
(292, 13, '2011-11-26 22:22:56', '2011-11-28 23:35:58'),
(220, 14, '2011-11-28 17:36:25', '2011-11-29 23:42:45'),
(297, 16, '2011-11-29 19:13:07', '2011-11-29 21:42:08'),
(189, 9, '2011-11-18 05:24:33', '2011-11-22 23:34:33'),
(13, 16, '2011-11-24 13:16:14', '2011-11-24 18:31:47'),
(344, 13, '2011-11-02 01:58:06', '2011-11-16 07:58:28'),
(33, 4, '2011-11-30 00:18:37', '0000-00-00 00:00:00'),
(99, 6, '2011-11-26 03:13:37', '2011-11-28 04:57:42'),
(4, 13, '2011-11-27 12:01:23', '0000-00-00 00:00:00'),
(305, 8, '2011-11-21 11:38:29', '0000-00-00 00:00:00'),
(282, 7, '2011-11-06 21:51:58', '2011-11-21 22:55:59'),
(146, 8, '2011-11-05 20:01:20', '0000-00-00 00:00:00'),
(330, 12, '2011-11-18 13:14:37', '0000-00-00 00:00:00'),
(109, 5, '2011-11-12 18:47:24', '0000-00-00 00:00:00'),
(211, 12, '2011-11-27 10:33:25', '0000-00-00 00:00:00'),
(328, 16, '2011-11-25 05:20:59', '0000-00-00 00:00:00'),
(119, 9, '2011-11-10 22:16:55', '2011-11-20 23:35:58'),
(301, 15, '2011-11-11 15:16:23', '0000-00-00 00:00:00'),
(111, 16, '2011-11-20 10:44:46', '2011-11-26 18:53:46'),
(239, 12, '2011-11-12 22:00:20', '0000-00-00 00:00:00'),
(309, 16, '2011-11-22 10:19:21', '0000-00-00 00:00:00'),
(255, 6, '2011-11-28 10:06:10', '0000-00-00 00:00:00'),
(304, 9, '2011-11-22 03:38:06', '0000-00-00 00:00:00'),
(249, 7, '2011-11-25 21:23:13', '0000-00-00 00:00:00'),
(200, 9, '2011-11-02 07:26:47', '0000-00-00 00:00:00'),
(49, 14, '2011-11-02 22:51:00', '2011-11-29 22:57:23'),
(170, 4, '2011-11-16 16:35:22', '0000-00-00 00:00:00'),
(78, 8, '2011-11-24 16:26:39', '0000-00-00 00:00:00'),
(249, 4, '2011-11-11 10:29:08', '0000-00-00 00:00:00'),
(73, 12, '2011-11-06 11:12:35', '2011-11-15 15:52:45'),
(138, 15, '2011-11-04 09:46:03', '0000-00-00 00:00:00'),
(310, 17, '2011-11-11 10:32:26', '2011-11-15 21:57:50'),
(46, 17, '2011-11-11 04:18:50', '2011-11-28 10:50:52'),
(72, 6, '2011-11-02 12:18:26', '0000-00-00 00:00:00'),
(49, 9, '2011-11-09 05:30:43', '0000-00-00 00:00:00'),
(63, 17, '2011-11-01 18:04:44', '0000-00-00 00:00:00'),
(39, 6, '2011-11-27 12:57:18', '2011-11-27 13:58:34'),
(248, 8, '2011-11-28 14:08:14', '0000-00-00 00:00:00'),
(188, 7, '2011-11-06 19:15:58', '0000-00-00 00:00:00'),
(352, 10, '2011-11-16 12:44:18', '0000-00-00 00:00:00'),
(82, 15, '2011-11-07 19:32:40', '0000-00-00 00:00:00'),
(117, 12, '2011-11-14 22:02:24', '2011-11-16 23:29:40'),
(241, 6, '2011-11-08 10:39:01', '0000-00-00 00:00:00'),
(202, 13, '2011-11-12 09:52:07', '0000-00-00 00:00:00'),
(128, 5, '2011-11-03 15:01:08', '0000-00-00 00:00:00'),
(220, 9, '2011-11-06 09:02:43', '2011-11-22 12:04:57'),
(105, 16, '2011-11-10 13:19:11', '0000-00-00 00:00:00'),
(211, 16, '2011-11-19 18:43:53', '0000-00-00 00:00:00'),
(341, 5, '2011-11-16 02:06:48', '2011-11-26 02:52:57'),
(154, 14, '2011-11-14 22:28:20', '0000-00-00 00:00:00'),
(230, 14, '2011-11-11 02:51:34', '0000-00-00 00:00:00'),
(67, 10, '2011-11-22 04:04:36', '0000-00-00 00:00:00'),
(47, 4, '2011-11-11 03:55:49', '0000-00-00 00:00:00'),
(242, 17, '2011-11-20 15:07:08', '2011-11-25 19:27:26'),
(261, 5, '2011-11-13 23:18:24', '2011-11-21 23:43:44'),
(299, 14, '2011-11-18 21:12:46', '0000-00-00 00:00:00'),
(240, 4, '2011-11-23 17:21:25', '0000-00-00 00:00:00'),
(1, 10, '2011-11-13 23:23:46', '0000-00-00 00:00:00'),
(78, 5, '2011-11-03 10:38:31', '0000-00-00 00:00:00'),
(43, 15, '2011-11-15 13:57:07', '2011-11-17 22:57:17'),
(16, 12, '2011-11-27 22:27:44', '2011-11-28 22:40:57'),
(184, 17, '2011-11-29 03:36:24', '0000-00-00 00:00:00'),
(121, 5, '2011-11-17 05:50:08', '0000-00-00 00:00:00'),
(209, 17, '2011-11-12 20:52:34', '2011-11-28 21:55:43'),
(290, 7, '2011-11-25 08:14:42', '0000-00-00 00:00:00'),
(240, 14, '2011-11-14 08:05:15', '2011-11-20 21:45:27'),
(337, 17, '2011-11-08 13:20:06', '2011-11-28 19:34:27'),
(266, 17, '2011-11-18 18:36:59', '0000-00-00 00:00:00'),
(106, 8, '2011-11-22 23:46:07', '0000-00-00 00:00:00'),
(216, 4, '2011-11-15 21:21:47', '0000-00-00 00:00:00'),
(14, 8, '2011-11-14 15:08:54', '2011-11-25 17:57:57'),
(202, 4, '2011-11-13 15:33:24', '0000-00-00 00:00:00'),
(60, 16, '2011-11-27 15:17:00', '2011-11-29 19:40:15'),
(145, 8, '2011-11-17 08:51:12', '2011-11-26 20:52:13'),
(303, 14, '2011-11-02 06:16:41', '0000-00-00 00:00:00'),
(222, 13, '2011-11-21 20:33:20', '0000-00-00 00:00:00'),
(3, 11, '2011-11-02 02:33:18', '2011-11-28 20:53:52'),
(88, 4, '2011-11-17 19:27:36', '2011-11-21 22:54:50'),
(243, 9, '2011-11-09 23:24:08', '2011-11-24 23:28:47'),
(71, 8, '2011-11-09 15:35:16', '2011-11-16 15:49:42'),
(136, 13, '2011-11-02 06:55:22', '0000-00-00 00:00:00'),
(340, 14, '2011-11-10 10:14:19', '0000-00-00 00:00:00'),
(306, 9, '2011-11-18 16:59:21', '0000-00-00 00:00:00'),
(234, 6, '2011-11-19 18:55:09', '0000-00-00 00:00:00'),
(251, 4, '2011-11-22 16:05:47', '0000-00-00 00:00:00'),
(56, 4, '2011-11-28 18:07:15', '0000-00-00 00:00:00'),
(203, 9, '2011-11-03 18:26:41', '2011-11-14 18:40:52'),
(34, 13, '2011-11-12 15:14:31', '2011-11-29 17:29:32'),
(114, 4, '2011-11-03 04:15:51', '0000-00-00 00:00:00'),
(36, 11, '2011-11-20 02:11:26', '2011-11-28 21:58:57'),
(202, 8, '2011-11-19 09:58:15', '2011-11-24 22:59:49'),
(233, 7, '2011-11-24 14:44:00', '0000-00-00 00:00:00'),
(115, 12, '2011-11-11 16:00:26', '0000-00-00 00:00:00'),
(345, 10, '2011-11-23 07:56:41', '2011-11-26 12:56:50'),
(237, 12, '2011-11-29 11:16:44', '0000-00-00 00:00:00'),
(190, 17, '2011-11-11 16:32:12', '0000-00-00 00:00:00'),
(197, 16, '2011-11-29 21:00:52', '2011-11-29 22:39:59'),
(99, 8, '2011-11-13 15:18:55', '0000-00-00 00:00:00'),
(319, 17, '2011-11-22 06:38:29', '0000-00-00 00:00:00'),
(302, 6, '2011-11-26 17:03:09', '2011-11-28 17:29:40'),
(285, 4, '2011-11-18 16:27:31', '0000-00-00 00:00:00'),
(342, 14, '2011-11-20 01:53:54', '0000-00-00 00:00:00'),
(225, 15, '2011-11-09 10:08:28', '2011-11-29 14:25:29'),
(327, 10, '2011-11-20 15:23:17', '2011-11-22 23:35:45'),
(123, 9, '2011-11-12 09:01:27', '0000-00-00 00:00:00'),
(171, 16, '2011-11-03 13:45:31', '0000-00-00 00:00:00'),
(48, 7, '2011-11-21 13:28:44', '0000-00-00 00:00:00'),
(146, 9, '2011-11-20 19:42:20', '0000-00-00 00:00:00'),
(237, 12, '2011-11-20 00:01:05', '2011-11-20 13:42:57'),
(274, 4, '2011-11-16 19:17:13', '0000-00-00 00:00:00'),
(323, 10, '2011-11-18 21:39:38', '0000-00-00 00:00:00'),
(118, 5, '2011-11-04 18:40:07', '2011-11-13 22:47:26'),
(286, 16, '2011-11-12 10:30:21', '2011-11-17 22:38:43'),
(111, 5, '2011-11-01 00:54:55', '0000-00-00 00:00:00'),
(80, 11, '2011-11-23 21:20:32', '2011-11-26 23:56:39'),
(98, 8, '2011-11-05 03:40:35', '2011-11-06 04:58:58'),
(179, 9, '2011-11-02 16:31:05', '2011-11-14 22:35:41'),
(12, 11, '2011-11-01 02:35:27', '0000-00-00 00:00:00'),
(252, 11, '2011-11-10 18:51:28', '2011-11-19 18:55:45'),
(160, 4, '2011-11-27 13:30:35', '0000-00-00 00:00:00'),
(63, 12, '2011-11-15 08:19:09', '0000-00-00 00:00:00'),
(59, 8, '2011-11-01 22:37:01', '2011-11-10 22:42:12'),
(251, 15, '2011-11-20 22:13:12', '0000-00-00 00:00:00'),
(41, 13, '2011-11-16 04:42:35', '0000-00-00 00:00:00'),
(32, 16, '2011-11-05 04:15:03', '2011-11-15 05:37:05'),
(336, 5, '2011-11-12 11:11:35', '0000-00-00 00:00:00'),
(89, 16, '2011-11-08 03:27:14', '0000-00-00 00:00:00'),
(269, 12, '2011-11-29 06:21:46', '0000-00-00 00:00:00'),
(323, 10, '2011-11-11 16:58:54', '0000-00-00 00:00:00'),
(145, 4, '2011-11-06 03:21:33', '2011-11-19 06:55:45'),
(52, 9, '2011-11-18 20:22:24', '2011-11-19 21:49:42'),
(308, 6, '2011-11-28 02:14:38', '0000-00-00 00:00:00'),
(272, 6, '2011-11-03 13:56:13', '0000-00-00 00:00:00'),
(291, 11, '2011-11-14 15:43:56', '0000-00-00 00:00:00'),
(189, 16, '2011-11-27 05:56:21', '2011-11-28 06:59:41'),
(296, 17, '2011-11-18 04:29:40', '0000-00-00 00:00:00'),
(274, 7, '2011-11-26 04:00:48', '0000-00-00 00:00:00'),
(99, 15, '2011-11-11 13:13:25', '2011-11-25 16:44:49'),
(20, 13, '2011-11-02 18:57:34', '0000-00-00 00:00:00'),
(66, 15, '2011-11-26 06:51:13', '2011-11-28 07:57:43'),
(155, 16, '2011-11-15 04:48:02', '2011-11-18 13:49:35'),
(302, 5, '2011-11-09 04:54:03', '0000-00-00 00:00:00'),
(270, 10, '2011-11-27 15:39:11', '2011-11-29 21:42:58'),
(287, 10, '2011-11-26 21:17:03', '0000-00-00 00:00:00'),
(164, 8, '2011-11-27 18:37:30', '0000-00-00 00:00:00'),
(276, 10, '2011-11-03 09:50:12', '0000-00-00 00:00:00'),
(42, 12, '2011-11-15 06:18:01', '0000-00-00 00:00:00'),
(69, 4, '2011-11-04 11:00:59', '2011-11-11 11:03:59'),
(346, 11, '2011-11-13 03:29:20', '2011-11-17 11:59:23'),
(296, 12, '2011-11-21 17:20:57', '0000-00-00 00:00:00'),
(31, 9, '2011-11-03 13:11:32', '2011-11-08 23:54:38'),
(186, 17, '2011-11-22 22:57:53', '2011-11-24 23:59:58'),
(282, 10, '2011-11-11 07:29:05', '0000-00-00 00:00:00'),
(51, 10, '2011-11-02 12:13:38', '0000-00-00 00:00:00'),
(76, 14, '2011-11-27 16:06:09', '2011-11-28 23:38:39'),
(10, 15, '2011-11-26 07:43:36', '0000-00-00 00:00:00'),
(336, 11, '2011-11-04 00:02:48', '2011-11-08 20:03:52'),
(267, 11, '2011-11-05 17:40:50', '0000-00-00 00:00:00'),
(174, 15, '2011-11-14 18:05:02', '2011-11-15 23:52:50'),
(232, 11, '2011-11-11 11:47:23', '2011-11-22 22:56:40'),
(46, 16, '2011-11-29 15:18:42', '2011-11-29 19:25:53'),
(327, 17, '2011-11-22 00:28:50', '0000-00-00 00:00:00'),
(241, 8, '2011-11-15 00:03:58', '0000-00-00 00:00:00'),
(180, 10, '2011-11-12 08:14:51', '0000-00-00 00:00:00'),
(296, 9, '2011-11-26 15:32:13', '0000-00-00 00:00:00'),
(141, 4, '2011-11-14 01:19:10', '0000-00-00 00:00:00'),
(7, 15, '2011-11-01 03:42:29', '0000-00-00 00:00:00'),
(163, 14, '2011-11-28 05:58:19', '2011-11-28 08:59:42'),
(236, 4, '2011-11-07 13:53:02', '2011-11-13 18:57:37'),
(258, 13, '2011-11-13 16:44:34', '2011-11-16 21:46:51'),
(132, 13, '2011-11-20 23:55:52', '0000-00-00 00:00:00'),
(154, 13, '2011-11-06 08:40:46', '0000-00-00 00:00:00'),
(141, 13, '2011-11-17 04:04:10', '0000-00-00 00:00:00'),
(212, 15, '2011-11-17 13:10:58', '0000-00-00 00:00:00'),
(46, 16, '2011-11-14 13:30:07', '2011-11-20 23:51:13'),
(328, 9, '2011-11-15 02:41:45', '0000-00-00 00:00:00'),
(113, 5, '2011-11-01 04:29:53', '0000-00-00 00:00:00'),
(165, 5, '2011-11-15 06:26:16', '0000-00-00 00:00:00'),
(261, 11, '2011-11-22 01:51:17', '2011-11-28 01:56:28'),
(39, 17, '2011-11-11 15:52:10', '0000-00-00 00:00:00'),
(64, 6, '2011-11-27 16:04:52', '0000-00-00 00:00:00'),
(138, 11, '2011-11-02 23:40:13', '2011-11-13 23:52:25'),
(41, 7, '2011-11-04 06:43:23', '0000-00-00 00:00:00'),
(265, 15, '2011-11-25 17:55:35', '0000-00-00 00:00:00'),
(174, 5, '2011-11-18 04:22:22', '0000-00-00 00:00:00'),
(152, 14, '2011-11-21 10:39:15', '0000-00-00 00:00:00'),
(312, 12, '2011-11-04 20:00:13', '0000-00-00 00:00:00'),
(219, 14, '2011-11-10 13:22:10', '0000-00-00 00:00:00'),
(269, 8, '2011-11-06 09:15:45', '2011-11-20 11:28:50'),
(352, 11, '2011-11-24 05:15:39', '0000-00-00 00:00:00'),
(272, 6, '2011-11-21 03:00:49', '0000-00-00 00:00:00'),
(54, 12, '2011-11-13 23:19:43', '0000-00-00 00:00:00'),
(318, 5, '2011-11-20 08:39:14', '0000-00-00 00:00:00'),
(191, 15, '2011-11-11 08:32:09', '2011-11-26 21:44:57'),
(49, 12, '2011-11-03 14:57:57', '0000-00-00 00:00:00'),
(144, 5, '2011-11-07 10:07:29', '2011-11-07 12:53:50'),
(297, 9, '2011-11-15 23:11:52', '2011-11-20 23:25:53'),
(87, 16, '2011-11-22 00:20:20', '0000-00-00 00:00:00'),
(194, 8, '2011-11-04 16:45:33', '0000-00-00 00:00:00'),
(33, 7, '2011-11-26 10:58:33', '0000-00-00 00:00:00'),
(25, 15, '2011-11-24 23:56:18', '2011-11-26 23:58:30'),
(92, 16, '2011-11-11 04:35:20', '2011-11-13 13:39:56');

-- --------------------------------------------------------

--
-- Table structure for table `tatt_items`
--

DROP TABLE IF EXISTS `tatt_items`;
CREATE TABLE IF NOT EXISTS `tatt_items` (
  `item_id` int(11) NOT NULL AUTO_INCREMENT,
  `name` varchar(255) NOT NULL,
  `owner_id` int(11) NOT NULL,
  `item_type_id` int(11) NOT NULL,
  `location` varchar(255) DEFAULT NULL,
  `last_accounted_for` timestamp NOT NULL DEFAULT CURRENT_TIMESTAMP,
  `has_photo` tinyint(1) NOT NULL,
  `due_date` timestamp NULL DEFAULT NULL,
  `checked_out_by` int(11) DEFAULT NULL,
  PRIMARY KEY (`item_id`),
  KEY `owner_id` (`owner_id`),
  FULLTEXT KEY `name` (`name`)
) ENGINE=MyISAM  DEFAULT CHARSET=latin1 AUTO_INCREMENT=354 ;

--
-- Dumping data for table `tatt_items`
--

INSERT INTO `tatt_items` (`item_id`, `name`, `owner_id`, `item_type_id`, `location`, `last_accounted_for`, `has_photo`, `due_date`, `checked_out_by`) VALUES
(1, 'Fundamentals of digital logic and microcomputer design', 1, 1, 'ACM Office - Middle Room', '2011-11-07 00:17:30', 0, NULL, 10),
(2, 'Windows 2000 Registry Little Black Book', 1, 1, 'ACM Office - Middle Room', '2011-11-07 00:17:30', 0, NULL, NULL),
(3, 'Concepts of programming languages', 1, 1, 'ACM Office - Middle Room', '2011-11-07 00:17:30', 0, NULL, NULL),
(4, 'Intermediate microeconomics', 1, 1, 'ACM Office - Middle Room', '2011-11-07 00:17:30', 0, NULL, 13),
(5, 'How to Start a Home-Based Web Design Business, 3rd', 1, 1, 'ACM Office - Middle Room', '2011-11-07 00:17:30', 0, NULL, NULL),
(6, 'Power programming with RPC', 1, 1, 'ACM Office - Middle Room', '2011-11-07 00:17:30', 0, NULL, NULL),
(7, 'Rapid Development', 1, 1, 'ACM Office - Middle Room', '2011-11-07 00:17:30', 0, NULL, 15),
(8, 'Quantitative analysis', 1, 1, 'ACM Office - Middle Room', '2011-11-07 00:17:30', 0, NULL, NULL),
(9, 'Writing effective use cases', 1, 1, 'ACM Office - Middle Room', '2011-11-07 00:17:30', 0, NULL, NULL),
(10, 'The computer major''s guide to the real world', 1, 1, 'ACM Office - Middle Room', '2011-11-07 00:17:30', 0, NULL, 15),
(11, 'Applications of holography', 1, 1, 'ACM Office - Middle Room', '2011-11-07 00:17:30', 0, NULL, NULL),
(12, 'I am Spock', 1, 1, 'ACM Office - Middle Room', '2011-11-07 00:17:30', 0, NULL, 11),
(13, 'Pride before the fall', 1, 1, 'ACM Office - Middle Room', '2011-11-07 00:17:30', 0, NULL, NULL),
(14, 'Oracle8i advanced PL/SQL programming', 1, 1, 'ACM Office - Middle Room', '2011-11-07 00:17:31', 0, NULL, NULL),
(15, 'Enhanced guide to oracle8i', 1, 1, 'ACM Office - Middle Room', '2011-11-07 00:17:31', 0, NULL, NULL),
(16, 'Volume 3M : X Window System User''s Guide', 1, 1, 'ACM Office - Middle Room', '2011-11-07 00:17:31', 0, NULL, NULL),
(17, 'The Windows 2000 device driver book', 1, 1, 'ACM Office - Middle Room', '2011-11-07 00:17:31', 0, NULL, NULL),
(18, 'Programming wireless devices with the Java 2 platform, micro edition', 1, 1, 'ACM Office - Middle Room', '2011-11-07 00:17:31', 0, NULL, NULL),
(19, 'REALbasic ', 1, 1, 'ACM Office - Middle Room', '2011-11-07 00:17:31', 0, NULL, NULL),
(20, 'Building imaging applications with Java technology', 1, 1, 'ACM Office - Middle Room', '2011-11-07 00:17:31', 0, NULL, 13),
(21, 'Enterprise Java servlets', 1, 1, 'ACM Office - Middle Room', '2011-11-07 00:17:31', 0, NULL, NULL),
(22, 'Effective C++', 1, 1, 'ACM Office - Middle Room', '2011-11-07 00:17:31', 0, NULL, NULL),
(23, 'Java. rmi', 1, 1, 'ACM Office - Middle Room', '2011-11-07 00:17:31', 0, NULL, NULL),
(24, 'Programming open service gateways with Java embedded server technology', 1, 1, 'ACM Office - Middle Room', '2011-11-07 00:17:31', 0, NULL, NULL),
(25, 'C++ programming style', 1, 1, 'ACM Office - Middle Room', '2011-11-07 00:17:31', 0, NULL, NULL),
(26, 'Enterprise Java programming with IBM WebSphere', 1, 1, 'ACM Office - Middle Room', '2011-11-07 00:17:31', 0, NULL, NULL),
(27, 'Inside Directx', 1, 1, 'ACM Office - Middle Room', '2011-11-07 00:17:31', 0, NULL, NULL),
(28, 'Plug and play system architecture', 1, 1, 'ACM Office - Middle Room', '2011-11-07 00:17:31', 0, NULL, NULL),
(29, 'Oh my! Modula-2!', 1, 1, 'ACM Office - Middle Room', '2011-11-07 00:17:31', 0, NULL, NULL),
(30, 'Solutions to Selected Exercises in Computer Architecture a Quantitative Approach', 1, 1, 'ACM Office - Middle Room', '2011-11-07 00:17:31', 0, NULL, NULL),
(31, 'Learning Cocoa', 1, 1, 'ACM Office - Middle Room', '2011-11-07 00:17:31', 0, NULL, NULL),
(32, 'Extreme programming explained', 1, 1, 'ACM Office - Middle Room', '2011-11-07 00:17:31', 0, NULL, NULL),
(33, 'UNIX systems programming', 1, 1, 'ACM Office - Middle Room', '2011-11-07 00:17:31', 0, NULL, 3),
(34, 'Sams teach yourself Adobe Premiere 6. 5 in 24 hours', 1, 1, 'ACM Office - Middle Room', '2011-11-07 00:17:31', 0, NULL, NULL),
(35, 'Core Java 2', 1, 1, 'ACM Office - Middle Room', '2011-11-07 00:17:31', 0, NULL, NULL),
(36, 'ASP. NET unleashed', 1, 1, 'ACM Office - Middle Room', '2011-11-07 00:17:31', 0, NULL, NULL),
(37, 'Computers and the imagination', 1, 1, 'ACM Office - Middle Room', '2011-11-07 00:17:31', 0, NULL, NULL),
(38, 'Elements of microcomputer interfacing', 1, 1, 'ACM Office - Middle Room', '2011-11-07 00:17:31', 0, NULL, NULL),
(39, 'Machine learning', 1, 1, 'ACM Office - Middle Room', '2011-11-07 00:17:31', 0, NULL, 17),
(40, 'The new KornShell command and programming language', 1, 1, 'ACM Office - Middle Room', '2011-11-07 00:17:31', 0, NULL, NULL),
(41, 'UNIX System V release 4', 1, 1, 'ACM Office - Middle Room', '2011-11-07 00:17:31', 0, NULL, 13),
(42, 'The Jiro Technology programmer''s guide and Federated Management Architecture', 1, 1, 'ACM Office - Middle Room', '2011-11-07 00:17:31', 0, NULL, 12),
(43, 'Mac OS X for Unix geeks', 1, 1, 'ACM Office - Middle Room', '2011-11-07 00:17:31', 0, NULL, NULL),
(44, 'Hackers &amp; painters', 1, 1, 'ACM Office - Middle Room', '2011-11-07 00:17:31', 0, NULL, NULL),
(45, 'The art of deception', 1, 1, 'ACM Office - Middle Room', '2011-11-07 00:17:31', 0, NULL, NULL),
(46, 'One', 1, 1, 'ACM Office - Middle Room', '2011-11-07 00:17:31', 0, NULL, NULL),
(47, 'High noon', 1, 1, 'ACM Office - Middle Room', '2011-11-07 00:17:31', 0, NULL, 4),
(48, 'An introduction to operating systems', 1, 1, 'ACM Office - Middle Room', '2011-11-07 00:17:31', 0, NULL, 7),
(49, 'Fundamentals of digital logic and microcomputer design', 1, 1, 'ACM Office - Middle Room', '2011-11-07 00:17:31', 0, NULL, 9),
(50, 'HAL''s legacy', 1, 1, 'ACM Office - Middle Room', '2011-11-07 00:17:31', 0, NULL, NULL),
(51, 'The neuron', 1, 1, 'ACM Office - Middle Room', '2011-11-07 00:17:31', 0, NULL, 13),
(52, 'Arriba!', 1, 1, 'ACM Office - Middle Room', '2011-11-07 00:17:31', 0, NULL, NULL),
(53, 'Webster''s encyclopedic unabridged dictionary of the English language', 1, 1, 'ACM Office - Middle Room', '2011-11-07 00:17:31', 0, NULL, NULL),
(54, 'Dialogue concerning the two chief world systems, Ptolemaic &amp; Copernican', 1, 1, 'ACM Office - Middle Room', '2011-11-07 00:17:31', 0, NULL, 12),
(55, 'College chemistry', 1, 1, 'ACM Office - Middle Room', '2011-11-07 00:17:31', 0, NULL, NULL),
(56, 'The material child', 1, 1, 'ACM Office - Middle Room', '2011-11-07 00:17:31', 0, NULL, 4),
(57, 'Make: Technology on Your Time Volume 15', 1, 1, 'ACM Office - Middle Room', '2011-11-07 00:17:31', 0, NULL, NULL),
(58, 'CRAFT', 1, 1, 'ACM Office - Middle Room', '2011-11-07 00:17:31', 0, NULL, NULL),
(59, 'Roget''s II', 1, 1, 'ACM Office - Middle Room', '2011-11-07 00:17:31', 0, NULL, NULL),
(60, 'Creating the writing portfolio', 1, 1, 'ACM Office - Middle Room', '2011-11-07 00:17:31', 0, NULL, NULL),
(61, 'Physics for scientists and engineers', 1, 1, 'ACM Office - Middle Room', '2011-11-07 00:17:31', 0, NULL, NULL),
(62, 'Encyclopedia of Knowledge Volume 1 A-Ann', 1, 1, 'ACM Office - Middle Room', '2011-11-07 00:17:31', 0, NULL, NULL),
(63, 'Business, government, and society', 1, 1, 'ACM Office - Middle Room', '2011-11-07 00:17:31', 0, NULL, 17),
(64, 'Managing up!', 1, 1, 'ACM Office - Middle Room', '2011-11-07 00:17:31', 0, NULL, 6),
(65, 'The structure of American industry', 1, 1, 'ACM Office - Middle Room', '2011-11-07 00:17:31', 0, NULL, NULL),
(66, 'The Vault Guide to the Case Interview', 1, 1, 'ACM Office - Middle Room', '2011-11-07 00:17:31', 0, NULL, NULL),
(67, 'Webster''s encyclopedic unabridged dictionary of the English language', 1, 1, 'ACM Office - Middle Room', '2011-11-07 00:17:31', 0, NULL, 10),
(68, 'Galaxies in the universe', 1, 1, 'ACM Office - Middle Room', '2011-11-07 00:17:31', 0, NULL, NULL),
(69, 'Psychology Its Principles and Applications', 1, 1, 'ACM Office - Middle Room', '2011-11-07 00:17:31', 0, NULL, NULL),
(70, 'A History of Western Society', 1, 1, 'ACM Office - Middle Room', '2011-11-07 00:17:31', 0, NULL, NULL),
(71, 'Genetic algorithms in search, optimization, and machine learning', 1, 1, 'ACM Office - Front Office - Left Shelf', '2011-11-07 00:22:52', 0, NULL, NULL),
(72, 'Introduction to scientific computing', 1, 1, 'ACM Office - Front Office - Left Shelf', '2011-11-07 00:22:52', 0, NULL, 6),
(73, 'Zero Day: A Novel', 1, 1, 'ACM Office - Front Office - Left Shelf', '2011-11-07 00:22:52', 0, NULL, NULL),
(74, 'The Oxford handbook of computational linguistics', 1, 1, 'ACM Office - Front Office - Left Shelf', '2011-11-07 00:22:52', 0, NULL, NULL),
(75, 'Inside C#', 1, 1, 'ACM Office - Front Office - Left Shelf', '2011-11-07 00:22:53', 0, NULL, NULL),
(76, 'Inside C#', 1, 1, 'ACM Office - Front Office - Left Shelf', '2011-11-07 00:22:53', 0, NULL, NULL),
(77, 'Microsoft C# language specifications', 1, 1, 'ACM Office - Front Office - Left Shelf', '2011-11-07 00:22:53', 0, NULL, NULL),
(78, 'Emotional design', 1, 1, 'ACM Office - Front Office - Left Shelf', '2011-11-07 00:22:53', 0, NULL, 8),
(79, 'The design of everyday things', 1, 1, 'ACM Office - Front Office - Left Shelf', '2011-11-07 00:22:53', 0, NULL, NULL),
(80, 'Style', 1, 1, 'ACM Office - Front Office - Left Shelf', '2011-11-07 00:22:53', 0, NULL, NULL),
(81, 'Resonant anomalous X-ray scattering', 1, 1, 'ACM Office - Front Office - Left Shelf', '2011-11-07 00:22:53', 0, NULL, NULL),
(82, 'Molecular cell biology', 1, 1, 'ACM Office - Front Office - Left Shelf', '2011-11-07 00:22:53', 0, NULL, 15),
(83, 'HAL''s legacy', 1, 1, 'ACM Office - Front Office - Left Shelf', '2011-11-07 00:22:53', 0, NULL, NULL),
(84, 'Gödel, Escher, Bach', 1, 1, 'ACM Office - Front Office - Left Shelf', '2011-11-07 00:22:53', 0, NULL, NULL),
(85, 'Barlett''s Book of Anecdotes', 1, 1, 'ACM Office - Front Office - Left Shelf', '2011-11-07 00:22:53', 0, NULL, NULL),
(86, 'Artificial intelligence', 1, 1, 'ACM Office - Front Office - Left Shelf', '2011-11-07 00:22:53', 0, NULL, NULL),
(87, 'Neural networks', 1, 1, 'ACM Office - Front Office - Left Shelf', '2011-11-07 00:22:53', 0, NULL, 16),
(88, 'Mindfulness in Plain English', 1, 1, 'ACM Office - Front Office - Left Shelf', '2011-11-07 00:22:53', 0, NULL, NULL),
(89, 'Computer vision', 1, 1, 'ACM Office - Front Office - Left Shelf', '2011-11-07 00:22:53', 0, NULL, 16),
(90, 'Java virtual machine', 1, 1, 'ACM Office - Front Office - Left Shelf', '2011-11-07 00:22:53', 0, NULL, NULL),
(91, 'JavaScript Step by Step', 1, 1, 'ACM Office - Front Office - Left Shelf', '2011-11-07 00:22:53', 0, NULL, NULL),
(92, 'Special edition using Visual Basic. NET', 1, 1, 'ACM Office - Front Office - Left Shelf', '2011-11-07 00:22:53', 0, NULL, NULL),
(93, 'Applications = code + markup', 1, 1, 'ACM Office - Front Office - Left Shelf', '2011-11-07 00:22:53', 0, NULL, NULL),
(94, 'C++ for Java developers', 1, 1, 'ACM Office - Front Office - Left Shelf', '2011-11-07 00:22:53', 0, NULL, NULL),
(95, 'C++ for Java developers', 1, 1, 'ACM Office - Front Office - Left Shelf', '2011-11-07 00:22:53', 0, NULL, NULL),
(96, 'Microsoft C# language specifications', 1, 1, 'ACM Office - Front Office - Left Shelf', '2011-11-07 00:22:53', 0, NULL, NULL),
(97, 'Microsoft C# language specifications', 1, 1, 'ACM Office - Front Office - Left Shelf', '2011-11-07 00:22:53', 0, NULL, NULL),
(98, 'Introducing the Microsoft. NET platform', 1, 1, 'ACM Office - Front Office - Left Shelf', '2011-11-07 00:22:53', 0, NULL, NULL),
(99, 'A Programmer''s Introduction to C#', 1, 1, 'ACM Office - Front Office - Left Shelf', '2011-11-07 00:22:53', 0, NULL, 8),
(100, 'Computer networks', 1, 1, 'ACM Office - Front Office - Left Shelf', '2011-11-07 00:22:53', 0, NULL, NULL),
(101, 'The C++ programming language', 1, 1, 'ACM Office - Front Office - Left Shelf', '2011-11-07 00:22:53', 0, NULL, NULL),
(102, 'Beginning Android 3', 1, 1, 'ACM Office - Front Office - Left Shelf', '2011-11-07 00:22:53', 0, NULL, NULL),
(103, 'Beginning Android Games', 1, 1, 'ACM Office - Front Office - Left Shelf', '2011-11-07 00:22:53', 0, NULL, NULL),
(104, 'Java examples in a nutshell', 1, 1, 'ACM Office - Front Office - Left Shelf', '2011-11-07 00:22:53', 0, NULL, NULL),
(105, 'Programming in Scala', 1, 1, 'ACM Office - Front Office - Left Shelf', '2011-11-07 00:22:53', 0, NULL, 16),
(106, 'Learning C# 2005', 1, 1, 'ACM Office - Front Office - Left Shelf', '2011-11-07 00:22:53', 0, NULL, 8),
(107, 'C# in a nutshell', 1, 1, 'ACM Office - Front Office - Left Shelf', '2011-11-07 00:22:53', 0, NULL, NULL),
(108, 'C# essentials', 1, 1, 'ACM Office - Front Office - Left Shelf', '2011-11-07 00:22:53', 0, NULL, NULL),
(109, 'Introducing the Microsoft. NET platform', 1, 1, 'ACM Office - Front Office - Left Shelf', '2011-11-07 00:22:53', 0, NULL, 5),
(110, 'Programming C#', 1, 1, 'ACM Office - Front Office - Left Shelf', '2011-11-07 00:22:53', 0, NULL, NULL),
(111, 'Professional C# Web Services: Building .NET Web Services with ASP.NET and .NET Remoting', 1, 1, 'ACM Office - Front Office - Left Shelf', '2011-11-07 00:22:53', 0, NULL, 5),
(112, 'Living with Complexity', 1, 1, 'ACM Office - Front Office - Left Shelf', '2011-11-07 00:22:53', 0, NULL, NULL),
(113, 'Professional ASP.NET', 1, 1, 'ACM Office - Front Office - Left Shelf', '2011-11-07 00:22:53', 0, NULL, 5),
(114, 'Cognitive neuroscience and neuropsychology', 1, 1, 'ACM Office - Front Office - Left Shelf', '2011-11-07 00:22:53', 0, NULL, 4),
(115, 'Programming Windows presentation foundation', 1, 1, 'ACM Office - Front Office - Left Shelf', '2011-11-07 00:22:53', 0, NULL, 12),
(116, 'How to wow', 1, 1, 'ACM Office - Front Office - Left Shelf', '2011-11-07 00:22:53', 0, NULL, NULL),
(117, 'Discrete mathematics', 1, 1, 'ACM Office - Front Office - Left Shelf', '2011-11-07 00:22:53', 0, NULL, NULL),
(118, 'The best software writing I', 1, 1, 'ACM Office - Front Office - Left Shelf', '2011-11-07 00:22:53', 0, NULL, NULL),
(119, 'Applied linear algebra', 1, 1, 'ACM Office - Front Office - Left Shelf', '2011-11-07 00:22:53', 0, NULL, NULL),
(120, 'The C programming language', 1, 1, 'ACM Office - Front Office - Left Shelf', '2011-11-07 00:22:53', 0, NULL, NULL),
(121, 'Computer and Information Ethics', 1, 1, 'ACM Office - Front Office - Left Shelf', '2011-11-07 00:22:53', 0, NULL, 5),
(122, 'Code complete', 1, 1, 'ACM Office - Front Office - Left Shelf', '2011-11-07 00:22:53', 0, NULL, NULL),
(123, 'The logical basis for computer programming', 1, 1, 'ACM Office - Front Office - Left Shelf', '2011-11-07 00:22:53', 0, NULL, 9),
(124, 'J2EE technology in practice', 1, 1, 'ACM Office - Front Office - Left Shelf', '2011-11-07 00:22:53', 0, NULL, NULL),
(125, 'Tcl and the Tk toolkit', 1, 1, 'ACM Office - Front Office - Left Shelf', '2011-11-07 00:22:53', 0, NULL, NULL),
(126, 'Java in a nutshell', 1, 1, 'ACM Office - Front Office - Left Shelf', '2011-11-07 00:22:53', 0, NULL, NULL),
(127, 'Exploring Expect', 1, 1, 'ACM Office - Front Office - Left Shelf', '2011-11-07 00:22:53', 0, NULL, NULL),
(128, 'ANSI Common Lisp', 1, 1, 'ACM Office - Front Office - Left Shelf', '2011-11-07 00:22:53', 0, NULL, 5),
(129, 'ANSI Common Lisp', 1, 1, 'ACM Office - Front Office - Left Shelf', '2011-11-07 00:22:53', 0, NULL, NULL),
(130, 'COMMON LISP', 1, 1, 'ACM Office - Front Office - Left Shelf', '2011-11-07 00:22:53', 0, NULL, NULL),
(131, 'Principles of database and knowledge-base systems', 1, 1, 'ACM Office - Front Office - Left Shelf', '2011-11-07 00:22:53', 0, NULL, NULL),
(132, 'Microsoft® SQL Server® 2008 Reporting Services Step by Step', 1, 1, 'ACM Office - Front Office - Left Shelf', '2011-11-07 00:22:53', 0, NULL, 13),
(133, 'The TeXbook', 1, 1, 'ACM Office - Front Office - Left Shelf', '2011-11-07 00:22:53', 0, NULL, NULL),
(134, 'The Haskell school of expression', 1, 1, 'ACM Office - Front Office - Left Shelf', '2011-11-07 00:22:53', 0, NULL, NULL),
(135, 'The art of electronics', 1, 1, 'ACM Office - Front Office - Left Shelf', '2011-11-07 00:22:53', 0, NULL, NULL),
(136, 'A first course in database systems', 1, 1, 'ACM Office - Front Office - Left Shelf', '2011-11-07 00:22:53', 0, NULL, 13),
(137, 'A first course in database systems', 1, 1, 'ACM Office - Front Office - Left Shelf', '2011-11-07 00:22:53', 0, NULL, NULL),
(138, 'Database System Implementation', 1, 1, 'ACM Office - Front Office - Left Shelf', '2011-11-07 00:22:53', 0, NULL, 15),
(139, 'A first course in database systems', 1, 1, 'ACM Office - Front Office - Left Shelf', '2011-11-07 00:22:53', 0, NULL, NULL),
(140, 'Understanding IPv6', 1, 1, 'ACM Office - Front Office - Left Shelf', '2011-11-07 00:22:53', 0, NULL, NULL),
(141, 'Introduction to the theory of computation', 1, 1, 'ACM Office - Front Office - Left Shelf', '2011-11-07 00:22:53', 0, NULL, 4),
(142, 'Fundamentals of database systems', 1, 1, 'ACM Office - Front Office - Left Shelf', '2011-11-07 00:22:53', 0, NULL, NULL),
(143, 'Fundamentals of database systems', 1, 1, 'ACM Office - Front Office - Left Shelf', '2011-11-07 00:22:53', 0, NULL, NULL),
(144, 'Database management systems', 1, 1, 'ACM Office - Front Office - Left Shelf', '2011-11-07 00:22:53', 0, NULL, NULL),
(145, 'Practical Oracle8i', 1, 1, 'ACM Office - Front Office - Left Shelf', '2011-11-07 00:22:53', 0, NULL, NULL),
(146, 'Oracle8i tuning and administration', 1, 1, 'ACM Office - Front Office - Left Shelf', '2011-11-07 00:22:53', 0, NULL, 8),
(147, 'Heuristics', 1, 1, 'ACM Office - Front Office - Left Shelf', '2011-11-07 00:22:53', 0, NULL, NULL),
(148, 'JavaScript pocket reference', 1, 1, 'ACM Office - Front Office - Left Shelf', '2011-11-07 00:22:53', 0, NULL, NULL),
(149, 'Learning the vi editor', 1, 1, 'ACM Office - Front Office - Left Shelf', '2011-11-07 00:22:53', 0, NULL, NULL),
(150, 'GNU Emacs Pocket Reference', 1, 1, 'ACM Office - Front Office - Left Shelf', '2011-11-07 00:22:53', 0, NULL, NULL),
(151, 'SQL pocket guide', 1, 1, 'ACM Office - Front Office - Left Shelf', '2011-11-07 00:22:53', 0, NULL, NULL),
(152, 'XML pocket reference', 1, 1, 'ACM Office - Front Office - Left Shelf', '2011-11-07 00:22:53', 0, NULL, 14),
(153, 'XML', 1, 1, 'ACM Office - Front Office - Left Shelf', '2011-11-07 00:22:53', 0, NULL, NULL),
(154, 'Windows 2000 commands', 1, 1, 'ACM Office - Front Office - Left Shelf', '2011-11-07 00:22:53', 0, NULL, 14),
(155, 'Regular expression pocket reference', 1, 1, 'ACM Office - Front Office - Left Shelf', '2011-11-07 00:22:53', 0, NULL, NULL),
(156, 'Smileys', 1, 1, 'ACM Office - Front Office - Left Shelf', '2011-11-07 00:22:53', 0, NULL, NULL),
(157, 'Mac OS X pocket reference', 1, 1, 'ACM Office - Front Office - Left Shelf', '2011-11-07 00:22:53', 0, NULL, NULL),
(158, 'Linux pocket guide', 1, 1, 'ACM Office - Front Office - Left Shelf', '2011-11-07 00:22:53', 0, NULL, NULL),
(159, 'Using SQLite', 1, 1, 'ACM Office - Front Office - Left Shelf', '2011-11-07 00:22:53', 0, NULL, NULL),
(160, 'Effective Java', 1, 1, 'ACM Office - Front Office - Left Shelf', '2011-11-07 00:22:53', 0, NULL, 4),
(161, 'Programming with POSIX threads', 1, 1, 'ACM Office - Front Office - Left Shelf', '2011-11-07 00:22:53', 0, NULL, NULL),
(162, 'Pthreads Programming: A POSIX Standard for Better Multiprocessing', 1, 1, 'ACM Office - Front Office - Left Shelf', '2011-11-07 00:22:53', 0, NULL, NULL),
(163, 'The Definitive Guide to GCC, Second Edition', 1, 1, 'ACM Office - Front Office - Left Shelf', '2011-11-07 00:22:53', 0, NULL, NULL),
(164, 'GNU Autoconf, Automake, and Libtool', 1, 1, 'ACM Office - Front Office - Left Shelf', '2011-11-07 00:22:53', 0, NULL, 8),
(165, 'Julie King''s everyday Photoshop for photographers', 1, 1, 'ACM Office - Front Office - Left Shelf', '2011-11-07 00:22:53', 0, NULL, 5),
(166, 'Interconnections', 1, 1, 'ACM Office - Front Office - Left Shelf', '2011-11-07 00:22:53', 0, NULL, NULL),
(167, 'The algorithmic beauty of plants', 1, 1, 'ACM Office - Front Office - Left Shelf', '2011-11-07 00:22:53', 0, NULL, NULL),
(168, 'Live Wired', 1, 1, 'ACM Office - Front Office - Left Shelf', '2011-11-07 00:22:53', 0, NULL, NULL),
(169, 'How to build a Beowulf', 1, 1, 'ACM Office - Front Office - Left Shelf', '2011-11-07 00:22:53', 0, NULL, NULL),
(170, 'SSH, the secure shell', 1, 1, 'ACM Office - Front Office - Left Shelf', '2011-11-07 00:22:53', 0, NULL, 4),
(171, 'Pocket Guide to TCP/IP Sockets', 1, 1, 'ACM Office - Front Office - Left Shelf', '2011-11-07 00:22:53', 0, NULL, 16),
(172, 'User Interfaces in C', 1, 1, 'ACM Office - Front Office - Left Shelf', '2011-11-07 00:22:53', 0, NULL, NULL),
(173, 'Wireless hacks', 1, 1, 'ACM Office - Front Office - Left Shelf', '2011-11-07 00:22:53', 0, NULL, NULL),
(174, '802. 11 wireless networks', 1, 1, 'ACM Office - Front Office - Left Shelf', '2011-11-07 00:22:53', 0, NULL, 5),
(175, 'Learning Cocoa', 1, 1, 'ACM Office - Front Office - Left Shelf', '2011-11-07 00:22:53', 0, NULL, NULL),
(176, 'Unix Networking Programming Networking APIs: Sockets and XTI', 1, 1, 'ACM Office - Front Office - Left Shelf', '2011-11-07 00:22:53', 0, NULL, NULL),
(177, 'The design of the UNIX operating system', 1, 1, 'ACM Office - Front Office - Left Shelf', '2011-11-07 00:22:53', 0, NULL, NULL),
(178, 'IP telephony', 1, 1, 'ACM Office - Front Office - Left Shelf', '2011-11-07 00:22:53', 0, NULL, NULL),
(179, 'The essential guide to RF and wireless', 1, 1, 'ACM Office - Front Office - Left Shelf', '2011-11-07 00:22:53', 0, NULL, NULL),
(180, 'TCP/IP network administration', 1, 1, 'ACM Office - Front Office - Left Shelf', '2011-11-07 00:22:53', 0, NULL, 10),
(181, 'A+ Practice Tests Exam Cram', 1, 1, 'ACM Office - Front Office - Left Shelf', '2011-11-07 00:22:53', 0, NULL, NULL),
(182, 'Introducing Windows Server 2008', 1, 1, 'ACM Office - Front Office - Left Shelf', '2011-11-07 00:22:53', 0, NULL, NULL),
(183, 'Microsoft Windows server 2003 terminal serices', 1, 1, 'ACM Office - Front Office - Left Shelf', '2011-11-07 00:22:53', 0, NULL, NULL),
(184, 'Microsoft Windows server 2003 administrator''s companion', 1, 1, 'ACM Office - Front Office - Left Shelf', '2011-11-07 00:22:53', 0, NULL, 17),
(185, 'Computern Science ', 1, 1, 'ACM Office - Front Office - Left Shelf', '2011-11-07 00:22:53', 0, NULL, NULL),
(186, 'Artificial intelligence', 1, 1, 'ACM Office - Front Office - Left Shelf', '2011-11-07 00:22:53', 0, NULL, NULL),
(187, 'Probability and statistical inference', 1, 1, 'ACM Office - Front Office - Left Shelf', '2011-11-07 00:22:53', 0, NULL, NULL),
(188, 'Programming Game AI By Example', 1, 1, 'ACM Office - Front Office - Left Shelf', '2011-11-07 00:22:53', 0, NULL, 7),
(189, 'Data mining', 1, 1, 'ACM Office - Front Office - Left Shelf', '2011-11-07 00:22:53', 0, NULL, NULL),
(190, 'Constructing language processors for little languages', 1, 1, 'ACM Office - Front Office - Left Shelf', '2011-11-07 00:22:53', 0, NULL, 17),
(191, 'Advanced Mac OS X Programming', 1, 1, 'ACM Office - Front Office - Left Shelf', '2011-11-07 00:22:53', 0, NULL, NULL),
(192, 'UNIX Shell programming', 1, 1, 'ACM Office - Front Office - Left Shelf', '2011-11-07 00:22:53', 0, NULL, NULL),
(193, 'Hacking exposed', 1, 1, 'ACM Office - Front Office - Left Shelf', '2011-11-07 00:22:53', 0, NULL, NULL),
(194, 'Hacking exposed Windows 2000', 1, 1, 'ACM Office - Front Office - Left Shelf', '2011-11-07 00:22:53', 0, NULL, 8),
(195, 'Introducing Microsoft Windows Server 2003', 1, 1, 'ACM Office - Front Office - Left Shelf', '2011-11-07 00:22:53', 0, NULL, NULL),
(196, 'MICROSOFT SECURITY RESOURCE KIT', 1, 1, 'ACM Office - Front Office - Left Shelf', '2011-11-07 00:22:53', 0, NULL, NULL),
(197, 'Microsoft Windows server 2003', 1, 1, 'ACM Office - Front Office - Left Shelf', '2011-11-07 00:22:53', 0, NULL, NULL),
(198, 'Computer security basics', 1, 1, 'ACM Office - Front Office - Left Shelf', '2011-11-07 00:22:53', 0, NULL, NULL),
(199, 'Practical UNIX security', 1, 1, 'ACM Office - Front Office - Left Shelf', '2011-11-07 00:22:53', 0, NULL, NULL),
(200, 'Practical Unix and Internet Security, 2nd Edition', 1, 1, 'ACM Office - Front Office - Left Shelf', '2011-11-07 00:22:53', 0, NULL, 9),
(201, 'Microsoft encyclopedia of security', 1, 1, 'ACM Office - Front Office - Left Shelf', '2011-11-07 00:22:53', 0, NULL, NULL),
(202, 'Wireless security', 1, 1, 'ACM Office - Front Office - Left Shelf', '2011-11-07 00:22:53', 0, NULL, 13),
(203, 'Wireless security', 1, 1, 'ACM Office - Front Office - Left Shelf', '2011-11-07 00:22:53', 0, NULL, NULL),
(204, 'Learning GNU Emacs', 1, 1, 'ACM Office - Front Office - Left Shelf', '2011-11-07 00:22:53', 0, NULL, NULL),
(205, 'UNIX power tools', 1, 1, 'ACM Office - Front Office - Left Shelf', '2011-11-07 00:22:53', 0, NULL, NULL),
(206, 'Sendmail', 1, 1, 'ACM Office - Front Office - Left Shelf', '2011-11-07 00:22:53', 0, NULL, NULL),
(207, 'Advanced topics in UNIX', 1, 1, 'ACM Office - Front Office - Left Shelf', '2011-11-07 00:22:53', 0, NULL, NULL),
(208, 'Introducing UNIX System V', 1, 1, 'ACM Office - Front Office - Left Shelf', '2011-11-07 00:22:53', 0, NULL, NULL),
(209, 'Using UNIX by example', 1, 1, 'ACM Office - Front Office - Left Shelf', '2011-11-07 00:22:53', 0, NULL, NULL),
(210, 'Learning the Korn shell', 1, 1, 'ACM Office - Front Office - Left Shelf', '2011-11-07 00:22:53', 0, NULL, NULL),
(211, 'Termcap and terminfo', 1, 1, 'ACM Office - Front Office - Left Shelf', '2011-11-07 00:22:53', 0, NULL, 12),
(212, 'The magic garden explained', 1, 1, 'ACM Office - Front Office - Left Shelf', '2011-11-07 00:22:53', 0, NULL, 15),
(213, 'The Magic Garden Explained Solutions Manual: The Internals of Unix System V Release 4 ', 1, 1, 'ACM Office - Front Office - Left Shelf', '2011-11-07 00:22:53', 0, NULL, NULL),
(214, 'The Complete Freebsd', 1, 1, 'ACM Office - Front Office - Left Shelf', '2011-11-07 00:22:53', 0, NULL, NULL),
(215, 'X: Inside Mac OS X System Overview', 1, 1, 'ACM Office - Front Office - Left Shelf', '2011-11-07 00:22:53', 0, NULL, NULL),
(216, 'Programming the Microsoft Windows Driver Model', 1, 1, 'ACM Office - Front Office - Left Shelf', '2011-11-07 00:22:53', 0, NULL, 4),
(217, 'Microsoft windows command-line administrator''s pocket consultant', 1, 1, 'ACM Office - Front Office - Left Shelf', '2011-11-07 00:22:53', 0, NULL, NULL),
(218, 'Unix in a Nutshell', 1, 1, 'ACM Office - Front Office - Left Shelf', '2011-11-07 00:22:53', 0, NULL, NULL),
(219, 'Selected applications of nonlinear programming', 1, 1, 'ACM Office - Front Office - Left Shelf', '2011-11-07 00:22:53', 0, NULL, 14),
(220, 'Palm webOS', 1, 1, 'ACM Office - Front Office - Left Shelf', '2011-11-07 00:22:53', 0, NULL, NULL),
(221, 'Windows® Internals, Fifth Edition', 1, 1, 'ACM Office - Front Office - Left Shelf', '2011-11-07 00:22:53', 0, NULL, NULL),
(222, 'Computer architecture', 1, 1, 'ACM Office - Front Office - Right Shelf', '2011-11-07 00:23:37', 0, NULL, 13),
(223, 'Computer organization and design', 1, 1, 'ACM Office - Front Office - Right Shelf', '2011-11-07 00:23:37', 0, NULL, NULL),
(224, 'Computer organization and design', 1, 1, 'ACM Office - Front Office - Right Shelf', '2011-11-07 00:23:37', 0, NULL, NULL),
(225, 'Electronic project design and fabrication', 1, 1, 'ACM Office - Front Office - Right Shelf', '2011-11-07 00:23:37', 0, NULL, NULL),
(226, 'Computer architecture and VAX assembly language programming', 1, 1, 'ACM Office - Front Office - Right Shelf', '2011-11-07 00:23:37', 0, NULL, NULL),
(227, 'ARM architecture reference manual', 1, 1, 'ACM Office - Front Office - Right Shelf', '2011-11-07 00:23:37', 0, NULL, NULL),
(228, 'Using SQLite', 1, 1, 'ACM Office - Front Office - Right Shelf', '2011-11-07 00:23:37', 0, NULL, NULL),
(229, 'Parallel Computer Architecture', 1, 1, 'ACM Office - Front Office - Right Shelf', '2011-11-07 00:23:37', 0, NULL, NULL),
(230, 'Fundamentals of digital logic and microcomputer design', 1, 1, 'ACM Office - Front Office - Right Shelf', '2011-11-07 00:23:37', 0, NULL, 14),
(231, 'Introduction to electrical engineering', 1, 1, 'ACM Office - Front Office - Right Shelf', '2011-11-07 00:23:37', 0, NULL, NULL),
(232, 'Fundamentals of Electromagnetics', 1, 1, 'ACM Office - Front Office - Right Shelf', '2011-11-07 00:23:37', 0, NULL, NULL),
(233, 'Signal processing and linear systems', 1, 1, 'ACM Office - Front Office - Right Shelf', '2011-11-07 00:23:37', 0, NULL, 7),
(234, 'Microprocessors/microcomputers/system design', 1, 1, 'ACM Office - Front Office - Right Shelf', '2011-11-07 00:23:37', 0, NULL, 6),
(235, 'Digital design', 1, 1, 'ACM Office - Front Office - Right Shelf', '2011-11-07 00:23:37', 0, NULL, NULL),
(236, 'UNIX network programming', 1, 1, 'ACM Office - Front Office - Right Shelf', '2011-11-07 00:23:37', 0, NULL, NULL),
(237, 'The SPARC architecture manual', 1, 1, 'ACM Office - Front Office - Right Shelf', '2011-11-07 00:23:37', 0, NULL, 12),
(238, 'C++ from the ground up', 1, 1, 'ACM Office - Front Office - Right Shelf', '2011-11-07 00:23:37', 0, NULL, NULL),
(239, 'C/C++ for expert systems', 1, 1, 'ACM Office - Front Office - Right Shelf', '2011-11-07 00:23:37', 0, NULL, 12),
(240, 'C++ unleashed', 1, 1, 'ACM Office - Front Office - Right Shelf', '2011-11-07 00:23:37', 0, NULL, 4),
(241, 'Effective STL', 1, 1, 'ACM Office - Front Office - Right Shelf', '2011-11-07 00:23:37', 0, NULL, 6),
(242, 'Object-oriented I/O using C++ IOSTREAMS', 1, 1, 'ACM Office - Front Office - Right Shelf', '2011-11-07 00:23:37', 0, NULL, NULL),
(243, 'Schildt''s expert C++', 1, 1, 'ACM Office - Front Office - Right Shelf', '2011-11-07 00:23:37', 0, NULL, NULL),
(244, 'Modern C++ design', 1, 1, 'ACM Office - Front Office - Right Shelf', '2011-11-07 00:23:37', 0, NULL, NULL),
(245, 'C++ Programming Design', 1, 1, 'ACM Office - Front Office - Right Shelf', '2011-11-07 00:23:37', 0, NULL, NULL),
(246, 'C++ Coach', 1, 1, 'ACM Office - Front Office - Right Shelf', '2011-11-07 00:23:37', 0, NULL, NULL),
(247, 'Effective Java', 1, 1, 'ACM Office - Front Office - Right Shelf', '2011-11-07 00:23:37', 0, NULL, NULL),
(248, 'Perl', 1, 1, 'ACM Office - Front Office - Right Shelf', '2011-11-07 00:23:37', 0, NULL, 8),
(249, 'Perl in a Nutshell', 1, 1, 'ACM Office - Front Office - Right Shelf', '2011-11-07 00:23:37', 0, NULL, 7),
(250, 'Modern Perl', 1, 1, 'ACM Office - Front Office - Right Shelf', '2011-11-07 00:23:37', 0, NULL, NULL),
(251, 'Perl best practices', 1, 1, 'ACM Office - Front Office - Right Shelf', '2011-11-07 00:23:37', 0, NULL, 4),
(252, 'Oh! Pascal!', 1, 1, 'ACM Office - Front Office - Right Shelf', '2011-11-07 00:23:37', 0, NULL, NULL),
(253, 'Data structures &amp; their algorithms', 1, 1, 'ACM Office - Front Office - Right Shelf', '2011-11-07 00:23:37', 0, NULL, NULL),
(254, 'Programming perl', 1, 1, 'ACM Office - Front Office - Right Shelf', '2011-11-07 00:23:37', 0, NULL, NULL),
(255, 'Optimizing compilers for modern architectures', 1, 1, 'ACM Office - Front Office - Right Shelf', '2011-11-07 00:23:37', 0, NULL, 6),
(256, 'Principles of compiler design', 1, 1, 'ACM Office - Front Office - Right Shelf', '2011-11-07 00:23:37', 0, NULL, NULL),
(257, 'Modern operating systems', 1, 1, 'ACM Office - Front Office - Right Shelf', '2011-11-07 00:23:37', 0, NULL, NULL),
(258, 'Computer and Information Ethics', 1, 1, 'ACM Office - Front Office - Right Shelf', '2011-11-07 00:23:37', 0, NULL, NULL),
(259, 'Programming language pragmatics', 1, 1, 'ACM Office - Front Office - Right Shelf', '2011-11-07 00:23:37', 0, NULL, NULL),
(260, 'Contributing to Eclipse', 1, 1, 'ACM Office - Front Office - Right Shelf', '2011-11-07 00:23:37', 0, NULL, NULL),
(261, 'Introducing Algorithms', 1, 1, 'ACM Office - Front Office - Right Shelf', '2011-11-07 00:23:37', 0, NULL, NULL),
(262, 'LISPcraft', 1, 1, 'ACM Office - Front Office - Right Shelf', '2011-11-07 00:23:37', 0, NULL, NULL),
(263, 'Digital logic and state machine design', 1, 1, 'ACM Office - Front Office - Right Shelf', '2011-11-07 00:23:37', 0, NULL, NULL),
(264, 'Style', 1, 1, 'ACM Office - Front Office - Right Shelf', '2011-11-07 00:23:37', 0, NULL, NULL),
(265, 'Software engineering', 1, 1, 'ACM Office - Front Office - Right Shelf', '2011-11-07 00:23:37', 0, NULL, 15),
(266, 'Data structure techniques', 1, 1, 'ACM Office - Front Office - Right Shelf', '2011-11-07 00:23:37', 0, NULL, 17),
(267, 'The tests of time', 1, 1, 'ACM Office - Front Office - Right Shelf', '2011-11-07 00:23:37', 0, NULL, 11),
(268, 'Tom Swan''s code secrets', 1, 1, 'ACM Office - Front Office - Right Shelf', '2011-11-07 00:23:37', 0, NULL, NULL),
(269, 'Extreme software engineering', 1, 1, 'ACM Office - Front Office - Right Shelf', '2011-11-07 00:23:37', 0, NULL, 12),
(270, 'The SCSI bus and IDE interface', 1, 1, 'ACM Office - Front Office - Right Shelf', '2011-11-07 00:23:37', 0, NULL, NULL),
(271, 'Extreme programming examined', 1, 1, 'ACM Office - Front Office - Right Shelf', '2011-11-07 00:23:37', 0, NULL, NULL),
(272, 'The engineering of software', 1, 1, 'ACM Office - Front Office - Right Shelf', '2011-11-07 00:23:37', 0, NULL, 6),
(273, 'Writing secure code', 1, 1, 'ACM Office - Front Office - Right Shelf', '2011-11-07 00:23:37', 0, NULL, NULL),
(274, 'Testing computer software', 1, 1, 'ACM Office - Front Office - Right Shelf', '2011-11-07 00:23:37', 0, NULL, 4),
(275, 'Debugging the Development Process', 1, 1, 'ACM Office - Front Office - Right Shelf', '2011-11-07 00:23:37', 0, NULL, NULL),
(276, 'WebMaster in a nutshell', 1, 1, 'ACM Office - Front Office - Right Shelf', '2011-11-07 00:23:37', 0, NULL, 10),
(277, 'Introduction to automata theory, languages, and computation', 1, 1, 'ACM Office - Front Office - Right Shelf', '2011-11-07 00:23:37', 0, NULL, NULL),
(278, 'Programming With Data Structures', 1, 1, 'ACM Office - Front Office - Right Shelf', '2011-11-07 00:23:37', 0, NULL, NULL),
(279, 'Algorithm design', 1, 1, 'ACM Office - Front Office - Right Shelf', '2011-11-07 00:23:37', 0, NULL, NULL),
(280, 'Algorithm design', 1, 1, 'ACM Office - Front Office - Right Shelf', '2011-11-07 00:23:37', 0, NULL, NULL),
(281, 'Junkbots, bugbots, and bots on wheels', 1, 1, 'ACM Office - Front Office - Right Shelf', '2011-11-07 00:23:37', 0, NULL, NULL),
(282, 'Agile web development with rails', 1, 1, 'ACM Office - Front Office - Right Shelf', '2011-11-07 00:23:37', 0, NULL, 10),
(283, 'The Art of Computer Programming, Volume 4A: Combinatorial Algorithms, Part 1', 1, 1, 'ACM Office - Front Office - Right Shelf', '2011-11-07 00:23:37', 0, NULL, NULL),
(284, 'Calculus: An Intuitive and Physical Approach', 1, 1, 'ACM Office - Front Office - Right Shelf', '2011-11-07 00:23:37', 0, NULL, NULL),
(285, 'Numerical Recipes in C', 1, 1, 'ACM Office - Front Office - Right Shelf', '2011-11-07 00:23:37', 0, NULL, 4),
(286, 'Numerical recipes in C', 1, 1, 'ACM Office - Front Office - Right Shelf', '2011-11-07 00:23:37', 0, NULL, NULL),
(287, 'Introduction to numerical computation', 1, 1, 'ACM Office - Front Office - Right Shelf', '2011-11-07 00:23:37', 0, NULL, 10),
(288, 'Numerical mathematics and computing', 1, 1, 'ACM Office - Front Office - Right Shelf', '2011-11-07 00:23:37', 0, NULL, NULL),
(289, 'A first course in differential equations', 1, 1, 'ACM Office - Front Office - Right Shelf', '2011-11-07 00:23:37', 0, NULL, NULL),
(290, 'Applied cryptography', 1, 1, 'ACM Office - Front Office - Right Shelf', '2011-11-07 00:23:37', 0, NULL, 7),
(291, 'Probability and statistics', 1, 1, 'ACM Office - Front Office - Right Shelf', '2011-11-07 00:23:37', 0, NULL, 11),
(292, 'Fuzzy mathematical techniques with applications', 1, 1, 'ACM Office - Front Office - Right Shelf', '2011-11-07 00:23:37', 0, NULL, NULL),
(293, 'Student solutions guide for Discrete mathematics and its applications', 1, 1, 'ACM Office - Front Office - Right Shelf', '2011-11-07 00:23:37', 0, NULL, NULL),
(294, 'Single Variable Calculus', 1, 1, 'ACM Office - Front Office - Right Shelf', '2011-11-07 00:23:37', 0, NULL, NULL),
(295, 'Linear algebra with applications', 1, 1, 'ACM Office - Front Office - Right Shelf', '2011-11-07 00:23:37', 0, NULL, NULL),
(296, 'Calculus', 1, 1, 'ACM Office - Front Office - Right Shelf', '2011-11-07 00:23:37', 0, NULL, 17),
(297, 'Discrete mathematics', 1, 1, 'ACM Office - Front Office - Right Shelf', '2011-11-07 00:23:37', 0, NULL, NULL),
(298, 'Differential equations and boundary value problems', 1, 1, 'ACM Office - Front Office - Right Shelf', '2011-11-07 00:23:37', 0, NULL, NULL),
(299, 'Computer organization and design', 1, 1, 'ACM Office - Front Office - Right Shelf', '2011-11-07 00:23:37', 0, NULL, 14),
(300, 'Introduction to Linear Algebra', 1, 1, 'ACM Office - Front Office - Right Shelf', '2011-11-07 00:23:37', 0, NULL, NULL),
(301, 'Mathematical structures for computer science', 1, 1, 'ACM Office - Front Office - Right Shelf', '2011-11-07 00:23:37', 0, NULL, 15),
(302, 'Handbook of theoretical computer science', 1, 1, 'ACM Office - Front Office - Right Shelf', '2011-11-07 00:23:37', 0, NULL, 5),
(303, 'Numerical mathematics and computing', 1, 1, 'ACM Office - Front Office - Right Shelf', '2011-11-07 00:23:37', 0, NULL, 14),
(304, 'Elements of discrete mathematics', 1, 1, 'ACM Office - Front Office - Right Shelf', '2011-11-07 00:23:37', 0, NULL, 9),
(305, 'Elementary computability, formal languages, and automata', 1, 1, 'ACM Office - Front Office - Right Shelf', '2011-11-07 00:23:37', 0, NULL, 8),
(306, 'Introductory discrete mathematics', 1, 1, 'ACM Office - Front Office - Right Shelf', '2011-11-07 00:23:37', 0, NULL, 9),
(307, 'Discrete mathematics and its applications', 1, 1, 'ACM Office - Front Office - Right Shelf', '2011-11-07 00:23:37', 0, NULL, NULL),
(308, 'Instructor''s Manual t/a Structure and Interpretation of Computer Programs - 2nd Edition', 1, 1, 'ACM Office - Front Office - Right Shelf', '2011-11-07 00:23:37', 0, NULL, 6),
(309, 'Introduction to computing systems', 1, 1, 'ACM Office - Front Office - Right Shelf', '2011-11-07 00:23:37', 0, NULL, 16),
(310, 'Introduction to computers and data processing', 1, 1, 'ACM Office - Front Office - Right Shelf', '2011-11-07 00:23:37', 0, NULL, NULL),
(311, 'Computers and their uses', 1, 1, 'ACM Office - Front Office - Right Shelf', '2011-11-07 00:23:37', 0, NULL, NULL),
(312, 'Inside Intel', 1, 1, 'ACM Office - Front Office - Right Shelf', '2011-11-07 00:23:37', 0, NULL, 12),
(313, 'The mythical man-month', 1, 1, 'ACM Office - Front Office - Right Shelf', '2011-11-07 00:23:37', 0, NULL, NULL),
(314, 'The unfinished revolution', 1, 1, 'ACM Office - Front Office - Right Shelf', '2011-11-07 00:23:37', 0, NULL, NULL),
(315, 'Creative projects with Lego Mindstorms', 1, 1, 'ACM Office - Front Office - Right Shelf', '2011-11-07 00:23:37', 0, NULL, NULL),
(316, 'Multimedia', 1, 1, 'ACM Office - Front Office - Right Shelf', '2011-11-07 00:23:37', 0, NULL, NULL),
(317, 'Discrete mathematics and its applications', 1, 1, 'ACM Office - Front Office - Right Shelf', '2011-11-07 00:23:37', 0, NULL, NULL),
(318, 'Probability and statistical inference', 1, 1, 'ACM Office - Front Office - Right Shelf', '2011-11-07 00:23:37', 0, NULL, 5),
(319, 'Interactive computer graphics', 1, 1, 'ACM Office - Front Office - Right Shelf', '2011-11-07 00:23:37', 0, NULL, 17),
(320, 'Tricks of the Windows game programming gurus', 1, 1, 'ACM Office - Front Office - Right Shelf', '2011-11-07 00:23:37', 0, NULL, NULL),
(321, 'Fire in the valley', 1, 1, 'ACM Office - Front Office - Right Shelf', '2011-11-07 00:23:37', 0, NULL, NULL),
(322, 'Focus On SDL', 1, 1, 'ACM Office - Front Office - Right Shelf', '2011-11-07 00:23:37', 0, NULL, NULL),
(323, 'JavaScript : The Definitive Guide', 1, 1, 'ACM Office - Front Office - Right Shelf', '2011-11-07 00:23:37', 0, NULL, 10),
(324, 'Discrete mathematics', 1, 1, 'ACM Office - Front Office - Right Shelf', '2011-11-07 00:23:37', 0, NULL, NULL),
(325, 'OpenGL programming guide', 1, 1, 'ACM Office - Front Office - Right Shelf', '2011-11-07 00:23:37', 0, NULL, NULL),
(326, 'OpenGL reference manual', 1, 1, 'ACM Office - Front Office - Right Shelf', '2011-11-07 00:23:37', 0, NULL, NULL),
(327, 'Real-time rendering', 1, 1, 'ACM Office - Front Office - Right Shelf', '2011-11-07 00:23:37', 0, NULL, 17),
(328, 'Texturing and modeling', 1, 1, 'ACM Office - Front Office - Right Shelf', '2011-11-07 00:23:37', 0, NULL, 16),
(329, '2001 Acm Symposium on Interactive 3d Graphics : Proceedings', 1, 1, 'ACM Office - Front Office - Right Shelf', '2011-11-07 00:23:37', 0, NULL, NULL),
(330, 'Sociology: Your Compass for a New World, Brief Edition', 1, 1, 'ACM Office - Front Office - Right Shelf', '2011-11-07 00:23:37', 0, NULL, 12),
(331, 'Understanding Society: An Introductory Reader', 1, 1, 'ACM Office - Front Office - Right Shelf', '2011-11-07 00:23:37', 0, NULL, NULL),
(332, 'PFIN 2010', 1, 1, 'ACM Office - Front Office - Right Shelf', '2011-11-07 00:23:37', 0, NULL, NULL),
(333, 'Tutorials in introductory physics', 1, 1, 'ACM Office - Front Office - Right Shelf', '2011-11-07 00:23:37', 0, NULL, NULL),
(334, 'Excursions in world music', 1, 1, 'ACM Office - Front Office - Right Shelf', '2011-11-07 00:23:37', 0, NULL, NULL),
(335, 'University Physics with Modern Physics', 1, 1, 'ACM Office - Front Office - Right Shelf', '2011-11-07 00:23:37', 0, NULL, NULL),
(336, 'Numerical mathematics and computing', 1, 1, 'ACM Office - Front Office - Right Shelf', '2011-11-07 00:23:37', 0, NULL, 5),
(337, 'Database systems', 1, 1, 'ACM Office - Front Office - Right Shelf', '2011-11-07 00:23:37', 0, NULL, NULL),
(338, 'Language files', 1, 1, 'ACM Office - Front Office - Right Shelf', '2011-11-07 00:23:37', 0, NULL, NULL),
(339, 'Serious Assembler', 1, 1, 'ACM Office - Front Office - Right Shelf', '2011-11-07 00:23:37', 0, NULL, NULL),
(340, '360/370 programing in assembly language', 1, 1, 'ACM Office - Front Office - Right Shelf', '2011-11-07 00:23:37', 0, NULL, 14),
(341, 'The Roaring stream', 1, 1, 'ACM Office - Front Office - Right Shelf', '2011-11-07 00:23:37', 0, NULL, NULL),
(342, 'Internetworking with TCP/IP', 1, 1, 'ACM Office - Front Office - Right Shelf', '2011-11-07 00:23:37', 0, NULL, 14),
(343, 'Linux device drivers', 1, 1, 'ACM Office - Front Office - Right Shelf', '2011-11-07 00:23:37', 0, NULL, NULL),
(344, 'Advanced programming in the UNIX environment', 1, 1, 'ACM Office - Front Office - Right Shelf', '2011-11-07 00:23:37', 0, NULL, NULL),
(345, 'The TINI specification and developer''s guide', 1, 1, 'ACM Office - Front Office - Right Shelf', '2011-11-07 00:23:37', 0, NULL, NULL),
(346, 'Porting UNIX Software', 1, 1, 'ACM Office - Front Office - Right Shelf', '2011-11-07 00:23:37', 0, NULL, NULL),
(347, 'The Basic Kernel', 1, 1, 'ACM Office - Front Office - Right Shelf', '2011-11-07 00:23:37', 0, NULL, NULL),
(348, 'Developing your own 32-bit operating system', 1, 1, 'ACM Office - Front Office - Right Shelf', '2011-11-07 00:23:37', 0, NULL, NULL),
(349, 'Operating systems', 1, 1, 'ACM Office - Front Office - Right Shelf', '2011-11-07 00:23:37', 0, NULL, NULL),
(350, 'Assembly language step-by-step', 1, 1, 'ACM Office - Front Office - Right Shelf', '2011-11-07 00:23:37', 0, NULL, NULL),
(351, 'Through The Looking Glass', 2, 2, 'Banana stand', '2011-11-07 12:31:20', 0, NULL, NULL),
(352, 'Steve Jobs', 2, 2, 'The end of an Infinite loop', '2011-11-07 13:16:33', 0, NULL, 10);

-- --------------------------------------------------------

--
-- Table structure for table `tatt_item_types`
--

DROP TABLE IF EXISTS `tatt_item_types`;
CREATE TABLE IF NOT EXISTS `tatt_item_types` (
  `item_type_id` int(11) NOT NULL AUTO_INCREMENT,
  `name` varchar(255) NOT NULL,
  `owner_id` int(11) NOT NULL,
  PRIMARY KEY (`item_type_id`),
  KEY `owner_id` (`owner_id`),
  FULLTEXT KEY `name` (`name`)
) ENGINE=MyISAM  DEFAULT CHARSET=latin1 AUTO_INCREMENT=4 ;

--
-- Dumping data for table `tatt_item_types`
--

INSERT INTO `tatt_item_types` (`item_type_id`, `name`, `owner_id`) VALUES
(1, 'Book', 1),
(2, 'Book', 2),
(3, 'Computer', 1);

-- --------------------------------------------------------

--
-- Table structure for table `tatt_sessions`
--

DROP TABLE IF EXISTS `tatt_sessions`;
CREATE TABLE IF NOT EXISTS `tatt_sessions` (
  `session_id` int(35) NOT NULL,
  `user_id` int(11) NOT NULL,
  `login_time` timestamp NOT NULL DEFAULT CURRENT_TIMESTAMP ON UPDATE CURRENT_TIMESTAMP,
  `session_expiration_time` timestamp NOT NULL DEFAULT '0000-00-00 00:00:00',
  UNIQUE KEY `session_id` (`session_id`),
  KEY `user_id` (`user_id`)
) ENGINE=MyISAM DEFAULT CHARSET=latin1;

--
-- Dumping data for table `tatt_sessions`
--

INSERT INTO `tatt_sessions` (`session_id`, `user_id`, `login_time`, `session_expiration_time`) VALUES
(2300803, 1, '2011-11-30 01:32:24', '2011-11-30 02:32:24'),
(481216017, 3, '2011-11-28 21:05:03', '2011-11-28 22:05:03'),
(2002687770, 15, '2011-11-30 01:34:39', '2011-11-30 02:34:39');

-- --------------------------------------------------------

--
-- Table structure for table `tatt_users`
--

DROP TABLE IF EXISTS `tatt_users`;
CREATE TABLE IF NOT EXISTS `tatt_users` (
  `user_id` int(11) NOT NULL AUTO_INCREMENT,
  `account_type` enum('user','moderator','admin') NOT NULL DEFAULT 'user',
  `username` varchar(255) NOT NULL,
  `password` varchar(255) NOT NULL,
  `password_salt` varchar(32) NOT NULL,
  `email_address` varchar(255) NOT NULL,
  PRIMARY KEY (`user_id`),
  UNIQUE KEY `username` (`username`,`email_address`)
) ENGINE=MyISAM  DEFAULT CHARSET=latin1 AUTO_INCREMENT=18 ;

--
-- Dumping data for table `tatt_users`
--

INSERT INTO `tatt_users` (`user_id`, `account_type`, `username`, `password`, `password_salt`, `email_address`) VALUES
(1, 'user', 'ACM', 'c113509284066963c838aca1972c0c2e', '904bfc5c37544bb531ede91e45b0e361', 'example@example.com'),
(2, 'user', 'admin', 'dd788a8e54f43a5d7428695810f7755a', '646725cc2315ca0d2e83883e05f634fa', 'admin@trackallthethings.com'),
(5, 'user', 'proctor4', 'password', 'password', 'proctor4@illinois.edu'),
(4, 'user', 'bnooka2', 'password', 'password', 'bnooka2@illinois.edu'),
(6, 'user', 'reizman1', 'password', 'password', 'reizman@illinois.edu'),
(7, 'user', 'nugent1', 'password', 'password', 'nugent1@illinois.edu'),
(8, 'user', 'kudeki', 'password', 'password', 'kudeki@illinois.edu'),
(9, 'user', 'acker2', 'password', 'password', 'acker2@illinois.edu'),
(10, 'user', 'radon1', 'password', 'password', 'radon1@illinois.edu'),
(11, 'user', 'kadich1', 'password', 'password', 'kadich1@illinois.edu'),
(12, 'user', 'osacky1', 'password', 'password', 'osacky1@illinois.edu'),
(13, 'user', 'lange7', 'password', 'password', 'lange7@illinois.edu'),
(14, 'user', 'ddcross2', 'c113509284066963c838aca1972c0c2e', '904bfc5c37544bb531ede91e45b0e361', 'ddcross2@illinois.edu'),
(15, 'user', 'ecparso2', 'c113509284066963c838aca1972c0c2e', '904bfc5c37544bb531ede91e45b0e361', 'ecparso2@illinois.edu'),
(16, 'user', 'hiremat1', 'c113509284066963c838aca1972c0c2e', '904bfc5c37544bb531ede91e45b0e361', 'hiremat1@illinois.edu'),
(17, 'user', 'ntabick2', 'c113509284066963c838aca1972c0c2e', '904bfc5c37544bb531ede91e45b0e361', 'ntabick2@uiuc.edu');
